method,K,seed,val_pinball,val_median_mse,val_median_mae,sel_abs_VAL,sel_penalized_VAL,sizes,labels
RANDOM_BALANCED,2,5,0.19685775197365069,0.8507888895092588,0.5052125930786133,0.19685775197365069,0.1970850247009234,"[220, 220]","[0, 0, 0, 0, 0, 1, 0, 1, 1, 0, 0, 0, 0, 1, 1, 0, 1, 0, 0, 1, 1, 0, 1, 0, 0, 0, 0, 1, 0, 1, 1, 1, 1, 0, 0, 1, 1, 0, 1, 0, 1, 1, 0, 0, 1, 0, 0, 0, 0, 0, 0, 0, 0, 0, 1, 0, 0, 1, 0, 0, 0, 0, 0, 1, 1, 1, 0, 0, 0, 1, 1, 0, 1, 1, 1, 0, 0, 1, 1, 1, 1, 0, 1, 0, 0, 1, 1, 1, 0, 0, 0, 1, 0, 0, 1, 0, 0, 1, 0, 0, 1, 0, 0, 1, 1, 1, 0, 0, 0, 1, 1, 0, 1, 1, 1, 0, 1, 0, 1, 0, 1, 1, 0, 0, 0, 1, 1, 0, 1, 0, 1, 0, 0, 1, 0, 1, 1, 1, 0, 0, 0, 0, 1, 1, 1, 1, 1, 1, 1, 0, 0, 0, 0, 0, 1, 0, 1, 0, 1, 0, 1, 0, 1, 0, 1, 1, 0, 1, 0, 1, 0, 1, 1, 1, 1, 1, 0, 1, 1, 1, 1, 1, 0, 1, 0, 0, 0, 1, 1, 1, 1, 0, 1, 1, 1, 0, 1, 1, 0, 0, 1, 0, 1, 1, 1, 1, 1, 1, 1, 0, 1, 1, 0, 0, 1, 1, 1, 1, 0, 0, 1, 0, 0, 0, 0, 1, 0, 0, 1, 1, 0, 1, 1, 1, 0, 1, 0, 0, 0, 1, 0, 0, 0, 1, 0, 1, 0, 0, 0, 0, 0, 0, 1, 0, 1, 1, 1, 1, 1, 0, 1, 0, 1, 0, 1, 1, 1, 1, 1, 0, 1, 1, 0, 0, 1, 1, 1, 0, 0, 0, 1, 0, 0, 1, 0, 0, 0, 1, 0, 1, 0, 0, 0, 0, 1, 0, 1, 0, 1, 0, 1, 0, 1, 1, 0, 0, 1, 0, 1, 0, 0, 1, 0, 1, 1, 1, 1, 0, 1, 0, 0, 1, 0, 1, 1, 1, 1, 0, 1, 0, 0, 1, 1, 0, 0, 0, 0, 0, 1, 0, 1, 1, 0, 1, 1, 0, 0, 0, 0, 0, 0, 0, 0, 1, 1, 1, 1, 1, 0, 1, 0, 1, 1, 1, 1, 1, 0, 1, 0, 1, 1, 1, 0, 1, 0, 0, 1, 1, 0, 0, 1, 1, 0, 0, 0, 1, 0, 0, 1, 1, 0, 0, 1, 0, 1, 0, 1, 0, 0, 1, 1, 1, 1, 0, 1, 0, 1, 1, 0, 0, 0, 1, 0, 1, 1, 1, 1, 0, 0, 0, 1, 1, 0, 1, 1, 0, 0, 0, 1, 0, 0, 1, 0, 1, 1, 1, 0, 0, 1, 0]"
RANDOM_BALANCED,2,3,0.19570708246619412,0.850150549773014,0.5019419121019768,0.19570708246619412,0.19593435519346683,"[220, 220]","[1, 1, 1, 0, 0, 0, 0, 1, 1, 1, 0, 1, 1, 1, 0, 0, 0, 1, 0, 1, 1, 1, 1, 0, 0, 0, 1, 0, 1, 1, 0, 0, 1, 1, 1, 1, 1, 0, 0, 1, 0, 1, 0, 0, 1, 0, 0, 0, 1, 1, 0, 0, 1, 0, 1, 0, 0, 1, 0, 0, 1, 0, 1, 1, 0, 0, 0, 0, 0, 1, 0, 1, 1, 0, 0, 0, 1, 0, 0, 0, 0, 0, 0, 0, 0, 1, 1, 0, 0, 1, 1, 1, 1, 1, 1, 1, 1, 1, 0, 1, 1, 0, 0, 0, 1, 0, 1, 0, 1, 0, 1, 0, 0, 1, 0, 0, 0, 1, 0, 1, 1, 0, 0, 0, 0, 0, 0, 0, 0, 1, 0, 1, 1, 1, 0, 1, 0, 0, 1, 0, 0, 1, 0, 0, 0, 1, 0, 1, 1, 1, 1, 0, 1, 0, 0, 0, 1, 0, 1, 0, 1, 0, 1, 0, 0, 1, 0, 1, 0, 1, 1, 1, 1, 1, 1, 0, 1, 1, 1, 0, 0, 1, 1, 1, 1, 0, 0, 1, 0, 0, 0, 0, 1, 0, 0, 0, 0, 0, 1, 1, 1, 0, 1, 1, 0, 0, 1, 1, 1, 0, 0, 0, 1, 1, 0, 1, 1, 1, 0, 1, 1, 1, 1, 1, 0, 0, 1, 0, 0, 0, 0, 0, 1, 0, 1, 1, 0, 0, 0, 0, 0, 1, 1, 0, 0, 0, 1, 0, 1, 1, 0, 0, 1, 1, 0, 0, 1, 1, 1, 0, 0, 0, 1, 1, 1, 0, 0, 1, 0, 0, 0, 1, 0, 1, 1, 1, 1, 1, 0, 0, 0, 0, 0, 1, 1, 1, 1, 1, 0, 1, 0, 0, 1, 1, 0, 1, 1, 0, 0, 0, 1, 1, 0, 1, 0, 0, 1, 0, 1, 1, 0, 1, 1, 0, 1, 1, 1, 0, 1, 1, 0, 0, 1, 0, 1, 0, 1, 1, 1, 1, 1, 1, 0, 1, 0, 1, 1, 1, 1, 1, 0, 1, 0, 1, 0, 0, 1, 0, 0, 0, 1, 0, 1, 0, 1, 1, 1, 0, 0, 0, 1, 1, 1, 1, 0, 0, 1, 0, 0, 1, 0, 1, 1, 1, 0, 1, 0, 0, 0, 1, 0, 1, 1, 1, 1, 0, 1, 1, 1, 1, 0, 1, 0, 1, 0, 0, 0, 1, 1, 0, 0, 1, 0, 1, 1, 1, 1, 1, 1, 1, 1, 1, 0, 0, 1, 0, 0, 0, 0, 0, 0, 1, 1, 1, 0, 1, 0, 0, 0, 0, 0, 0, 0, 0, 1, 0, 0, 0, 1, 1]"
RANDOM_BALANCED,2,7,0.19713800075379284,0.8508986993269487,0.5057264508623065,0.19713800075379284,0.19736527348106556,"[220, 220]","[1, 1, 0, 0, 1, 1, 1, 1, 1, 1, 1, 1, 1, 0, 0, 0, 0, 1, 0, 1, 0, 1, 0, 1, 0, 1, 0, 1, 0, 1, 0, 0, 0, 1, 0, 1, 1, 0, 1, 1, 1, 0, 1, 1, 1, 1, 1, 1, 1, 1, 0, 0, 0, 0, 1, 0, 0, 0, 1, 0, 0, 1, 0, 1, 1, 0, 0, 1, 1, 1, 0, 1, 1, 0, 0, 1, 1, 1, 0, 0, 0, 0, 0, 1, 0, 1, 0, 1, 0, 0, 0, 0, 1, 1, 0, 1, 0, 0, 0, 0, 1, 0, 0, 1, 0, 1, 1, 1, 0, 0, 1, 0, 1, 0, 0, 0, 1, 1, 0, 1, 0, 1, 0, 1, 1, 0, 0, 1, 1, 0, 1, 1, 0, 0, 1, 1, 1, 1, 0, 0, 0, 0, 1, 1, 1, 0, 0, 0, 0, 1, 0, 1, 1, 1, 0, 0, 1, 0, 1, 0, 1, 1, 0, 0, 0, 0, 1, 1, 0, 1, 0, 1, 0, 0, 0, 1, 1, 0, 1, 0, 1, 0, 1, 1, 1, 1, 1, 0, 0, 1, 1, 1, 1, 0, 0, 1, 1, 1, 1, 1, 0, 1, 0, 1, 0, 0, 0, 0, 1, 1, 1, 1, 0, 0, 1, 1, 0, 0, 1, 1, 0, 0, 0, 1, 1, 1, 1, 0, 0, 1, 1, 1, 0, 1, 1, 0, 1, 0, 0, 0, 0, 1, 0, 0, 0, 1, 0, 1, 0, 0, 1, 1, 1, 0, 1, 1, 0, 1, 0, 0, 1, 0, 1, 0, 1, 1, 0, 0, 0, 1, 0, 0, 1, 0, 0, 1, 1, 0, 0, 1, 0, 1, 1, 0, 0, 1, 1, 0, 1, 0, 1, 1, 0, 0, 1, 1, 0, 1, 0, 1, 1, 1, 0, 1, 1, 0, 0, 0, 1, 1, 0, 1, 1, 1, 0, 1, 1, 1, 0, 1, 1, 0, 0, 1, 1, 1, 0, 1, 1, 1, 0, 0, 1, 0, 0, 0, 0, 1, 0, 1, 0, 0, 1, 1, 1, 1, 1, 0, 1, 1, 1, 1, 0, 1, 1, 0, 1, 0, 0, 0, 0, 0, 0, 0, 0, 1, 1, 0, 0, 0, 0, 0, 0, 0, 1, 1, 1, 1, 0, 1, 1, 0, 0, 1, 1, 0, 0, 0, 1, 1, 1, 1, 1, 0, 1, 0, 0, 0, 1, 1, 0, 0, 1, 0, 0, 0, 0, 1, 0, 1, 0, 0, 1, 1, 0, 1, 0, 0, 0, 0, 0, 0, 0, 1, 0, 1, 0, 0, 1, 0, 0, 1, 0, 0, 1, 0, 1, 0, 0, 1]"
RANDOM_BALANCED,2,8,0.19646041914820672,0.8513328508897261,0.5042468685092348,0.19646041914820672,0.19668769187547944,"[220, 220]","[0, 0, 1, 0, 0, 0, 1, 1, 0, 1, 1, 0, 0, 0, 1, 1, 1, 0, 1, 1, 1, 1, 0, 1, 0, 0, 1, 0, 1, 1, 0, 1, 0, 0, 0, 0, 1, 0, 1, 1, 0, 0, 1, 1, 0, 0, 1, 1, 1, 1, 0, 1, 0, 0, 1, 0, 0, 1, 1, 0, 1, 1, 1, 1, 0, 0, 0, 0, 0, 0, 0, 0, 0, 0, 1, 1, 1, 1, 0, 0, 1, 1, 1, 0, 0, 1, 1, 1, 0, 0, 0, 1, 0, 0, 0, 0, 0, 0, 1, 1, 0, 1, 1, 0, 0, 1, 1, 0, 1, 0, 0, 0, 1, 0, 0, 1, 1, 1, 1, 1, 0, 1, 1, 1, 1, 0, 0, 0, 1, 1, 1, 0, 1, 1, 1, 0, 1, 0, 0, 1, 1, 0, 1, 1, 1, 1, 0, 1, 1, 1, 1, 0, 1, 0, 0, 1, 0, 1, 0, 0, 1, 1, 0, 0, 1, 0, 0, 1, 0, 1, 1, 1, 1, 1, 1, 0, 0, 0, 1, 0, 0, 0, 0, 1, 1, 0, 0, 0, 1, 0, 1, 1, 1, 0, 0, 0, 0, 0, 1, 1, 1, 0, 0, 0, 1, 1, 1, 0, 0, 1, 1, 0, 1, 0, 1, 1, 1, 1, 1, 0, 1, 0, 0, 1, 0, 0, 1, 0, 0, 1, 1, 0, 1, 0, 0, 0, 1, 0, 0, 0, 0, 0, 0, 0, 1, 0, 1, 0, 1, 1, 1, 0, 1, 0, 0, 1, 0, 1, 0, 0, 0, 1, 0, 0, 1, 1, 0, 1, 0, 1, 1, 1, 0, 1, 0, 1, 1, 0, 1, 0, 1, 0, 0, 0, 1, 1, 0, 0, 1, 1, 1, 1, 1, 1, 0, 1, 0, 1, 0, 1, 1, 0, 0, 0, 1, 0, 0, 0, 0, 1, 1, 0, 0, 0, 0, 1, 1, 0, 1, 0, 1, 1, 1, 1, 0, 0, 1, 1, 1, 1, 1, 0, 0, 1, 0, 0, 0, 1, 0, 1, 1, 1, 1, 0, 0, 1, 0, 1, 1, 1, 1, 1, 0, 0, 1, 0, 0, 0, 1, 0, 1, 1, 1, 1, 0, 1, 0, 0, 1, 0, 0, 1, 0, 0, 0, 0, 1, 1, 0, 0, 0, 1, 0, 1, 1, 0, 1, 1, 1, 1, 0, 1, 0, 1, 0, 0, 0, 1, 0, 0, 1, 1, 0, 0, 1, 0, 0, 1, 1, 0, 1, 0, 0, 1, 0, 1, 1, 1, 0, 1, 1, 1, 0, 0, 1, 0, 0, 0, 0, 0, 1, 0, 1, 0, 1, 0, 1, 1, 1, 0]"
RANDOM_BALANCED,2,9,0.19732639674435962,0.8516579078905511,0.5061597173864191,0.19732639674435962,0.19755366947163233,"[220, 220]","[1, 1, 0, 1, 0, 1, 1, 1, 1, 0, 1, 1, 1, 0, 1, 0, 1, 0, 0, 1, 0, 0, 1, 0, 1, 0, 1, 1, 1, 1, 0, 0, 0, 1, 0, 1, 0, 0, 0, 0, 1, 1, 0, 1, 0, 1, 1, 0, 1, 1, 0, 0, 1, 0, 0, 0, 1, 0, 1, 1, 0, 1, 0, 1, 1, 1, 1, 1, 0, 0, 0, 0, 0, 1, 0, 1, 0, 1, 0, 1, 0, 0, 1, 0, 1, 1, 1, 1, 0, 0, 0, 1, 0, 1, 0, 0, 0, 0, 0, 0, 0, 0, 1, 0, 0, 0, 0, 1, 1, 0, 0, 1, 1, 1, 1, 1, 0, 1, 1, 1, 1, 1, 0, 0, 0, 1, 1, 0, 1, 1, 1, 0, 0, 0, 0, 1, 1, 1, 0, 0, 0, 1, 1, 0, 1, 0, 0, 1, 1, 0, 0, 0, 0, 1, 1, 0, 0, 1, 1, 0, 0, 1, 0, 1, 1, 0, 0, 0, 1, 1, 1, 0, 0, 1, 0, 0, 1, 1, 0, 0, 0, 0, 1, 1, 1, 0, 1, 1, 0, 0, 1, 1, 0, 0, 0, 0, 1, 0, 1, 0, 0, 1, 1, 1, 1, 1, 1, 0, 1, 1, 1, 0, 1, 1, 1, 1, 0, 0, 0, 1, 0, 1, 1, 0, 1, 1, 1, 1, 0, 0, 1, 0, 0, 0, 1, 1, 0, 0, 1, 1, 1, 1, 0, 1, 0, 1, 0, 1, 1, 0, 1, 1, 0, 1, 0, 0, 0, 0, 1, 0, 1, 1, 0, 1, 1, 1, 1, 0, 0, 0, 0, 0, 1, 0, 1, 1, 0, 0, 1, 0, 0, 1, 0, 0, 1, 1, 0, 0, 0, 1, 1, 1, 0, 1, 0, 0, 1, 1, 0, 1, 0, 0, 1, 1, 1, 0, 1, 0, 1, 0, 1, 0, 1, 0, 1, 0, 1, 0, 1, 0, 0, 0, 1, 0, 1, 0, 0, 0, 1, 1, 1, 1, 1, 0, 0, 0, 0, 0, 1, 1, 0, 1, 0, 0, 1, 0, 0, 1, 1, 1, 1, 0, 0, 0, 1, 1, 0, 1, 0, 0, 1, 1, 0, 1, 0, 0, 1, 1, 0, 0, 0, 1, 0, 0, 0, 1, 0, 0, 1, 1, 1, 0, 1, 0, 1, 1, 0, 0, 1, 0, 0, 0, 0, 1, 0, 1, 0, 0, 1, 0, 0, 0, 0, 1, 1, 1, 1, 0, 0, 1, 0, 1, 0, 1, 0, 0, 1, 1, 1, 0, 0, 1, 1, 1, 1, 1, 1, 1, 0, 1, 1, 1, 0, 1, 0, 1, 0, 0, 0, 1]"
RANDOM_BALANCED,3,5,0.19608142686386903,0.8498357852300008,0.5032051770976096,0.19608142686386903,0.19642233595477812,"[147, 147, 146]","[0, 1, 1, 1, 1, 2, 0, 2, 2, 0, 0, 1, 0, 2, 2, 1, 2, 1, 0, 1, 1, 0, 2, 1, 0, 1, 0, 2, 1, 2, 2, 2, 2, 0, 0, 2, 2, 1, 2, 1, 1, 2, 0, 0, 2, 1, 1, 0, 0, 0, 0, 1, 0, 0, 1, 0, 0, 2, 1, 1, 0, 1, 0, 2, 2, 2, 0, 1, 1, 1, 2, 0, 2, 2, 1, 0, 0, 1, 2, 1, 2, 0, 2, 1, 1, 1, 2, 1, 0, 0, 0, 2, 1, 1, 2, 1, 1, 1, 0, 0, 1, 0, 1, 2, 1, 2, 1, 0, 0, 2, 2, 1, 2, 2, 1, 0, 1, 0, 2, 1, 2, 2, 0, 0, 1, 2, 2, 0, 1, 0, 1, 1, 0, 1, 1, 2, 2, 2, 0, 0, 0, 0, 1, 1, 2, 1, 2, 2, 2, 0, 0, 0, 0, 0, 1, 0, 1, 0, 2, 1, 2, 0, 1, 1, 2, 2, 1, 1, 0, 2, 0, 1, 2, 2, 1, 2, 0, 2, 1, 2, 2, 1, 0, 2, 0, 0, 0, 2, 2, 2, 2, 0, 1, 1, 2, 0, 1, 1, 1, 1, 2, 0, 2, 2, 2, 2, 2, 2, 2, 1, 2, 1, 0, 0, 2, 1, 2, 2, 0, 0, 2, 0, 1, 0, 0, 2, 1, 0, 2, 1, 0, 2, 2, 2, 0, 2, 0, 1, 0, 2, 0, 0, 0, 2, 0, 2, 1, 0, 1, 0, 0, 0, 1, 0, 2, 1, 2, 1, 2, 0, 2, 0, 1, 0, 2, 2, 2, 2, 2, 1, 2, 2, 0, 0, 2, 1, 2, 1, 0, 0, 1, 0, 0, 1, 1, 0, 0, 2, 0, 2, 1, 0, 1, 0, 2, 1, 2, 0, 1, 0, 1, 0, 1, 2, 0, 0, 1, 0, 2, 1, 0, 1, 0, 1, 2, 1, 1, 1, 1, 1, 1, 2, 0, 2, 2, 2, 2, 0, 2, 0, 0, 2, 2, 0, 0, 0, 0, 1, 2, 0, 2, 2, 0, 1, 2, 0, 0, 0, 0, 0, 1, 0, 0, 1, 2, 2, 2, 1, 0, 2, 1, 2, 2, 1, 2, 1, 0, 1, 0, 2, 2, 2, 1, 1, 1, 1, 1, 2, 1, 1, 1, 1, 0, 0, 0, 2, 0, 1, 2, 2, 1, 0, 1, 0, 2, 0, 1, 1, 0, 2, 2, 1, 2, 0, 2, 0, 2, 2, 0, 1, 1, 2, 1, 2, 1, 1, 1, 0, 1, 0, 2, 2, 1, 1, 1, 0, 1, 0, 2, 1, 1, 1, 0, 2, 1, 1, 0, 0, 1, 0]"
RANDOM_BALANCED,3,3,0.19593290101849672,0.8498113484093637,0.5024018701278802,0.19593290101849672,0.1962738101094058,"[147, 147, 146]","[2, 2, 2, 1, 1, 0, 1, 2, 2, 2, 0, 1, 1, 1, 0, 0, 0, 1, 1, 2, 2, 1, 2, 0, 0, 1, 2, 0, 2, 1, 1, 0, 2, 2, 1, 2, 2, 0, 0, 1, 0, 1, 1, 1, 2, 1, 0, 0, 2, 2, 0, 0, 2, 0, 2, 0, 0, 1, 1, 0, 2, 0, 2, 1, 1, 1, 0, 0, 1, 2, 0, 1, 1, 0, 0, 0, 2, 1, 1, 0, 0, 0, 0, 0, 0, 1, 1, 0, 0, 1, 1, 2, 2, 2, 1, 1, 1, 2, 0, 2, 2, 0, 0, 0, 2, 0, 2, 0, 1, 1, 2, 0, 0, 2, 0, 1, 0, 2, 1, 2, 2, 1, 1, 0, 0, 1, 0, 0, 0, 2, 0, 2, 1, 2, 0, 2, 0, 0, 2, 0, 1, 2, 0, 1, 0, 1, 0, 2, 2, 1, 2, 1, 2, 0, 0, 0, 2, 0, 1, 0, 2, 0, 1, 1, 0, 2, 0, 2, 1, 2, 1, 2, 2, 2, 2, 0, 2, 1, 2, 0, 1, 1, 2, 2, 2, 0, 0, 1, 1, 0, 0, 1, 2, 0, 0, 0, 1, 1, 1, 1, 1, 0, 2, 1, 0, 1, 2, 1, 2, 1, 0, 0, 2, 1, 0, 2, 2, 1, 1, 2, 1, 1, 1, 2, 0, 0, 2, 1, 0, 1, 0, 1, 2, 0, 1, 2, 1, 0, 0, 1, 0, 1, 2, 1, 0, 0, 1, 0, 1, 2, 0, 1, 2, 2, 0, 0, 2, 2, 2, 1, 0, 1, 1, 1, 2, 0, 1, 2, 0, 0, 0, 1, 0, 1, 2, 2, 2, 2, 0, 1, 0, 1, 0, 2, 1, 2, 1, 1, 0, 2, 1, 0, 1, 2, 0, 2, 1, 1, 0, 0, 2, 1, 1, 1, 0, 0, 1, 1, 2, 2, 0, 2, 2, 1, 1, 2, 2, 1, 2, 1, 1, 0, 2, 1, 2, 1, 1, 1, 2, 1, 1, 2, 1, 2, 0, 2, 2, 2, 2, 1, 0, 2, 0, 2, 0, 1, 2, 0, 0, 1, 2, 0, 2, 1, 2, 2, 1, 0, 0, 1, 2, 2, 2, 2, 0, 0, 2, 0, 0, 1, 0, 2, 2, 2, 1, 2, 0, 0, 0, 2, 0, 2, 2, 2, 1, 1, 1, 2, 2, 2, 1, 1, 0, 2, 0, 1, 0, 1, 2, 0, 0, 2, 1, 1, 2, 2, 1, 1, 2, 2, 1, 1, 0, 1, 2, 0, 0, 1, 0, 1, 1, 2, 2, 2, 1, 2, 1, 1, 0, 0, 0, 0, 0, 1, 2, 0, 0, 0, 2, 2]"
RANDOM_BALANCED,3,7,0.19768399114184307,0.8519646355600068,0.5073431249820824,0.19768399114184307,0.19802490023275215,"[147, 147, 146]","[2, 1, 0, 0, 2, 2, 2, 1, 1, 1, 2, 1, 2, 0, 0, 0, 1, 2, 1, 2, 1, 2, 0, 2, 1, 2, 0, 1, 0, 2, 0, 0, 0, 2, 1, 2, 1, 1, 2, 2, 1, 0, 2, 2, 2, 1, 1, 2, 1, 2, 0, 0, 0, 0, 2, 1, 0, 0, 1, 0, 0, 1, 0, 1, 1, 0, 0, 2, 2, 1, 1, 2, 2, 1, 0, 2, 2, 1, 1, 0, 0, 0, 0, 2, 0, 2, 1, 2, 1, 0, 0, 1, 2, 1, 1, 1, 0, 1, 0, 0, 2, 0, 1, 2, 1, 2, 2, 2, 1, 0, 2, 0, 2, 1, 0, 0, 1, 1, 0, 2, 0, 1, 1, 2, 2, 1, 1, 1, 1, 0, 2, 2, 0, 1, 2, 2, 2, 2, 0, 0, 1, 0, 2, 1, 1, 0, 0, 0, 0, 2, 1, 2, 2, 1, 1, 0, 1, 1, 2, 0, 1, 1, 0, 0, 0, 0, 2, 2, 1, 2, 0, 1, 0, 0, 0, 2, 1, 0, 1, 0, 2, 1, 2, 2, 1, 2, 1, 0, 0, 2, 2, 2, 2, 0, 1, 2, 2, 2, 2, 1, 0, 2, 0, 2, 1, 1, 0, 0, 1, 2, 1, 2, 0, 0, 2, 2, 1, 0, 2, 2, 0, 0, 0, 1, 2, 2, 2, 0, 1, 2, 1, 1, 0, 2, 2, 0, 1, 0, 0, 0, 1, 1, 1, 1, 0, 1, 1, 2, 1, 1, 2, 2, 2, 1, 1, 1, 0, 2, 1, 0, 2, 0, 2, 1, 1, 1, 0, 0, 0, 1, 0, 0, 2, 0, 0, 2, 2, 1, 0, 2, 0, 1, 2, 0, 0, 2, 2, 0, 1, 0, 2, 2, 1, 1, 1, 1, 0, 1, 0, 2, 1, 1, 0, 1, 2, 1, 0, 1, 1, 2, 0, 2, 2, 1, 0, 2, 1, 2, 1, 1, 1, 0, 0, 2, 1, 2, 0, 1, 1, 2, 0, 0, 2, 0, 1, 0, 1, 1, 1, 2, 1, 1, 2, 2, 1, 2, 1, 0, 2, 2, 2, 1, 1, 2, 1, 0, 2, 0, 1, 1, 1, 0, 0, 0, 1, 2, 2, 0, 0, 0, 1, 1, 1, 0, 2, 2, 2, 2, 1, 2, 1, 0, 0, 2, 2, 0, 0, 0, 2, 2, 2, 2, 2, 0, 2, 0, 0, 0, 2, 2, 0, 0, 1, 0, 1, 0, 0, 2, 0, 2, 0, 0, 2, 2, 0, 2, 0, 1, 0, 1, 1, 1, 0, 1, 0, 1, 1, 1, 2, 0, 0, 2, 1, 1, 2, 1, 2, 0, 0, 2]"
RANDOM_BALANCED,3,8,0.1965506629284584,0.8504880341616544,0.5043025038459085,0.1965506629284584,0.1968915720193675,"[147, 147, 146]","[0, 1, 2, 1, 0, 0, 2, 2, 0, 2, 2, 0, 1, 1, 2, 2, 2, 0, 2, 2, 2, 2, 0, 1, 0, 0, 1, 0, 2, 2, 0, 2, 1, 0, 1, 1, 2, 0, 2, 1, 1, 0, 1, 2, 0, 1, 2, 2, 2, 2, 0, 2, 1, 0, 2, 0, 0, 1, 2, 0, 2, 2, 1, 2, 0, 0, 0, 0, 0, 1, 1, 1, 0, 1, 2, 2, 1, 1, 0, 0, 1, 2, 1, 1, 0, 2, 2, 1, 1, 0, 1, 2, 0, 1, 1, 0, 0, 0, 2, 2, 1, 1, 2, 0, 0, 2, 1, 0, 2, 0, 1, 0, 2, 1, 0, 2, 1, 1, 2, 1, 0, 1, 2, 2, 2, 0, 0, 0, 1, 1, 2, 0, 1, 2, 2, 1, 2, 1, 1, 1, 2, 0, 1, 2, 2, 1, 0, 2, 1, 1, 2, 0, 2, 0, 0, 2, 1, 2, 0, 1, 2, 2, 0, 1, 1, 0, 0, 2, 0, 2, 2, 1, 1, 2, 2, 0, 0, 0, 1, 1, 0, 0, 0, 2, 2, 0, 0, 1, 2, 1, 2, 2, 2, 0, 1, 0, 0, 0, 1, 2, 2, 1, 0, 1, 2, 2, 2, 1, 0, 1, 1, 0, 1, 0, 2, 2, 1, 2, 1, 0, 2, 0, 0, 2, 0, 1, 2, 1, 0, 2, 2, 0, 1, 1, 1, 0, 2, 1, 0, 0, 0, 0, 1, 1, 2, 0, 2, 0, 2, 2, 1, 0, 2, 0, 0, 2, 0, 1, 1, 1, 0, 1, 0, 0, 2, 2, 0, 2, 1, 2, 2, 2, 0, 1, 1, 1, 2, 0, 1, 1, 2, 0, 0, 1, 1, 2, 0, 1, 2, 1, 1, 2, 1, 2, 0, 1, 0, 2, 0, 1, 1, 0, 0, 1, 2, 1, 1, 1, 1, 2, 2, 0, 1, 0, 1, 2, 2, 0, 1, 0, 2, 1, 2, 1, 1, 1, 2, 2, 2, 2, 1, 0, 0, 1, 1, 0, 0, 1, 0, 2, 2, 1, 1, 0, 1, 2, 0, 2, 1, 2, 2, 2, 0, 1, 2, 0, 1, 0, 2, 1, 2, 2, 2, 2, 1, 2, 0, 0, 2, 1, 1, 1, 0, 0, 0, 0, 2, 1, 0, 0, 0, 2, 0, 1, 1, 0, 2, 2, 1, 1, 0, 2, 0, 2, 0, 0, 0, 1, 0, 0, 2, 2, 1, 1, 1, 0, 0, 2, 2, 0, 2, 0, 1, 1, 0, 1, 2, 1, 0, 2, 1, 2, 0, 1, 1, 0, 0, 1, 1, 0, 1, 0, 2, 0, 1, 1, 1, 2, 2, 0]"
RANDOM_BALANCED,3,9,0.19677841320182338,0.8507024476022431,0.5049547567512049,0.19677841320182338,0.19711932229273246,"[147, 147, 146]","[2, 2, 0, 1, 0, 1, 1, 1, 1, 0, 1, 1, 2, 0, 2, 0, 1, 0, 0, 2, 0, 0, 2, 0, 2, 0, 1, 1, 1, 1, 1, 0, 0, 2, 0, 1, 0, 1, 1, 0, 2, 1, 0, 2, 0, 1, 2, 0, 2, 2, 0, 1, 2, 0, 0, 0, 2, 0, 2, 2, 0, 2, 0, 2, 2, 2, 2, 1, 0, 0, 1, 0, 0, 1, 0, 1, 0, 1, 1, 1, 0, 0, 1, 1, 2, 1, 1, 2, 0, 0, 0, 1, 1, 1, 1, 0, 0, 0, 0, 0, 1, 0, 2, 0, 1, 0, 0, 1, 2, 0, 0, 2, 2, 2, 2, 1, 1, 2, 1, 2, 2, 2, 0, 1, 0, 2, 2, 0, 2, 2, 1, 1, 0, 1, 1, 2, 2, 2, 0, 0, 1, 2, 1, 1, 2, 1, 0, 2, 1, 0, 0, 1, 1, 1, 1, 0, 1, 2, 1, 0, 0, 2, 0, 1, 1, 0, 0, 0, 1, 2, 2, 0, 0, 2, 0, 0, 2, 1, 1, 1, 0, 0, 2, 1, 2, 0, 2, 2, 0, 0, 2, 1, 1, 0, 1, 0, 1, 1, 1, 1, 0, 1, 2, 2, 2, 2, 1, 0, 2, 2, 2, 0, 1, 1, 2, 2, 0, 1, 1, 2, 0, 2, 1, 1, 2, 2, 2, 2, 0, 1, 2, 1, 0, 1, 2, 1, 0, 0, 2, 2, 2, 2, 0, 2, 0, 2, 0, 2, 2, 0, 2, 2, 1, 2, 0, 1, 1, 0, 1, 1, 2, 2, 0, 2, 1, 1, 2, 0, 1, 0, 1, 1, 1, 1, 2, 2, 0, 1, 2, 0, 0, 1, 0, 1, 1, 2, 0, 1, 1, 1, 2, 2, 1, 1, 1, 1, 2, 2, 0, 1, 0, 1, 2, 1, 1, 0, 2, 0, 2, 0, 1, 0, 2, 1, 2, 1, 1, 0, 2, 0, 0, 1, 2, 0, 1, 1, 1, 0, 2, 1, 2, 2, 2, 1, 0, 0, 0, 0, 2, 2, 0, 2, 0, 0, 2, 0, 0, 2, 2, 2, 2, 1, 1, 1, 2, 2, 0, 2, 0, 0, 2, 1, 1, 2, 0, 0, 2, 2, 0, 0, 1, 2, 1, 0, 0, 2, 1, 0, 2, 2, 2, 0, 2, 1, 2, 2, 0, 0, 2, 0, 0, 0, 1, 2, 0, 2, 1, 1, 2, 0, 0, 1, 1, 2, 1, 1, 2, 0, 1, 2, 0, 2, 0, 2, 1, 0, 1, 2, 2, 0, 1, 1, 2, 1, 2, 1, 2, 1, 0, 2, 1, 2, 0, 1, 0, 1, 1, 0, 0, 2]"
RANDOM_BALANCED,4,5,0.1959877461477211,0.8506075564659004,0.503031001939918,0.1959877461477211,0.19644229160226656,"[110, 110, 110, 110]","[0, 1, 1, 1, 1, 3, 1, 3, 3, 0, 1, 1, 1, 2, 3, 1, 3, 1, 0, 2, 2, 0, 2, 1, 1, 1, 1, 3, 1, 3, 3, 3, 3, 0, 0, 3, 2, 1, 3, 1, 2, 3, 1, 0, 3, 1, 1, 0, 1, 0, 0, 1, 0, 0, 2, 0, 1, 2, 1, 1, 0, 1, 0, 2, 3, 3, 0, 1, 1, 2, 2, 0, 2, 3, 2, 0, 1, 2, 3, 2, 3, 1, 2, 1, 1, 2, 3, 2, 1, 1, 0, 3, 1, 1, 3, 1, 1, 2, 0, 0, 2, 0, 1, 3, 2, 3, 1, 1, 0, 3, 3, 1, 3, 3, 2, 1, 2, 0, 3, 1, 3, 2, 0, 0, 1, 3, 3, 0, 2, 0, 2, 1, 0, 2, 1, 3, 2, 3, 0, 0, 1, 0, 2, 2, 3, 2, 3, 3, 2, 0, 0, 1, 0, 0, 2, 0, 2, 0, 3, 1, 2, 0, 2, 1, 3, 3, 1, 2, 0, 2, 0, 2, 3, 3, 2, 3, 1, 3, 2, 3, 3, 2, 0, 3, 0, 0, 0, 3, 3, 3, 3, 1, 2, 2, 2, 1, 2, 2, 1, 1, 2, 1, 2, 3, 3, 3, 3, 3, 3, 1, 3, 2, 0, 0, 3, 2, 3, 3, 1, 0, 2, 0, 1, 1, 0, 3, 1, 1, 3, 2, 0, 3, 3, 3, 0, 3, 1, 1, 0, 2, 0, 0, 0, 2, 1, 3, 1, 0, 1, 1, 0, 0, 2, 0, 3, 2, 3, 2, 3, 0, 2, 0, 2, 0, 3, 3, 2, 3, 2, 1, 2, 2, 1, 1, 3, 2, 3, 1, 0, 0, 2, 1, 0, 2, 1, 0, 0, 3, 0, 3, 1, 0, 1, 1, 3, 1, 2, 0, 2, 0, 2, 1, 2, 3, 0, 0, 2, 0, 2, 1, 0, 2, 0, 2, 3, 2, 2, 1, 2, 1, 1, 2, 0, 3, 3, 3, 3, 0, 2, 0, 1, 2, 3, 0, 0, 0, 0, 1, 3, 0, 2, 3, 0, 2, 2, 0, 0, 0, 1, 0, 1, 0, 0, 2, 3, 3, 3, 2, 0, 2, 1, 3, 3, 2, 3, 2, 1, 2, 0, 3, 3, 3, 1, 2, 1, 1, 2, 3, 1, 1, 2, 2, 1, 0, 0, 3, 0, 1, 3, 2, 1, 0, 2, 0, 3, 0, 2, 1, 0, 3, 3, 2, 2, 1, 3, 0, 3, 3, 0, 1, 1, 3, 1, 2, 2, 2, 2, 0, 1, 1, 3, 3, 1, 2, 2, 0, 1, 0, 3, 1, 1, 2, 0, 2, 2, 2, 0, 0, 2, 0]"
RANDOM_BALANCED,4,3,0.19674748793018587,0.8511433077581001,0.5047606283968146,0.19674748793018587,0.19720203338473133,"[110, 110, 110, 110]","[3, 3, 3, 1, 1, 1, 1, 3, 2, 3, 1, 2, 2, 2, 0, 0, 0, 2, 1, 2, 3, 2, 2, 1, 0, 1, 3, 0, 3, 2, 1, 0, 2, 3, 2, 2, 3, 0, 1, 2, 0, 2, 1, 1, 3, 1, 1, 1, 3, 3, 1, 1, 2, 1, 3, 0, 0, 2, 1, 0, 2, 0, 2, 2, 1, 1, 0, 0, 1, 3, 1, 2, 2, 0, 1, 1, 3, 1, 1, 1, 0, 0, 1, 0, 1, 2, 2, 0, 0, 2, 2, 3, 2, 3, 2, 2, 2, 3, 1, 3, 2, 0, 0, 0, 3, 0, 3, 0, 2, 1, 3, 0, 0, 3, 0, 1, 0, 3, 1, 3, 3, 1, 1, 0, 0, 1, 1, 0, 0, 3, 0, 3, 2, 2, 0, 2, 0, 0, 3, 1, 1, 3, 0, 1, 0, 2, 0, 3, 3, 2, 3, 1, 3, 1, 0, 0, 3, 0, 2, 0, 3, 1, 2, 1, 0, 3, 0, 2, 1, 3, 2, 3, 3, 2, 3, 0, 3, 2, 2, 0, 1, 2, 3, 3, 3, 0, 0, 2, 1, 0, 1, 1, 3, 0, 1, 0, 1, 1, 2, 2, 2, 0, 3, 2, 0, 1, 3, 2, 3, 1, 0, 0, 3, 2, 1, 2, 3, 2, 1, 3, 2, 2, 2, 3, 0, 0, 3, 1, 0, 1, 0, 1, 3, 0, 2, 3, 1, 0, 0, 1, 0, 2, 3, 1, 0, 0, 2, 1, 2, 3, 0, 1, 2, 3, 0, 0, 3, 2, 3, 1, 1, 1, 2, 2, 2, 1, 1, 3, 0, 0, 0, 2, 0, 2, 3, 3, 2, 3, 1, 1, 0, 1, 0, 2, 2, 3, 2, 2, 1, 3, 1, 1, 2, 3, 0, 3, 2, 1, 0, 0, 3, 2, 1, 2, 0, 0, 2, 1, 3, 2, 0, 3, 3, 1, 2, 3, 3, 1, 3, 2, 1, 0, 3, 1, 3, 1, 2, 2, 2, 2, 2, 3, 1, 2, 0, 3, 3, 3, 2, 2, 0, 3, 0, 2, 0, 1, 3, 0, 0, 1, 3, 0, 3, 1, 2, 3, 2, 1, 0, 1, 3, 2, 3, 3, 0, 0, 2, 0, 0, 2, 0, 2, 3, 2, 1, 3, 0, 1, 1, 3, 1, 3, 3, 3, 2, 1, 2, 3, 3, 3, 1, 2, 0, 3, 0, 1, 0, 2, 3, 0, 0, 3, 1, 2, 3, 3, 2, 2, 2, 2, 2, 2, 1, 1, 3, 0, 0, 1, 1, 1, 1, 2, 3, 3, 1, 2, 1, 1, 0, 0, 0, 1, 0, 1, 3, 0, 1, 0, 3, 2]"
RANDOM_BALANCED,4,7,0.19633392821432966,0.8516094688213233,0.5042528408946413,0.19633392821432966,0.1967884736688751,"[110, 110, 110, 110]","[3, 2, 0, 0, 3, 2, 3, 2, 2, 2, 3, 2, 3, 1, 0, 1, 1, 2, 1, 3, 1, 3, 0, 3, 1, 3, 0, 2, 0, 2, 0, 0, 0, 3, 1, 3, 2, 1, 3, 3, 2, 0, 3, 3, 3, 2, 2, 3, 2, 2, 0, 0, 0, 1, 3, 1, 0, 0, 2, 1, 0, 2, 0, 2, 2, 0, 1, 3, 3, 2, 1, 3, 3, 1, 1, 3, 2, 2, 1, 1, 0, 1, 0, 3, 0, 2, 1, 2, 1, 0, 1, 1, 3, 2, 1, 2, 1, 1, 1, 1, 2, 0, 1, 3, 1, 2, 2, 3, 1, 0, 3, 0, 3, 1, 0, 0, 2, 2, 0, 3, 0, 2, 1, 3, 3, 1, 1, 2, 2, 0, 3, 3, 0, 1, 2, 2, 3, 3, 0, 0, 1, 0, 3, 2, 2, 0, 0, 0, 0, 3, 1, 3, 3, 2, 1, 0, 2, 1, 2, 1, 2, 2, 0, 0, 0, 0, 3, 3, 1, 2, 1, 2, 0, 0, 1, 3, 2, 0, 2, 0, 2, 1, 2, 3, 2, 3, 2, 0, 1, 3, 2, 3, 3, 0, 1, 3, 3, 2, 3, 2, 0, 3, 0, 3, 1, 1, 1, 0, 2, 2, 2, 3, 0, 0, 2, 3, 1, 1, 3, 3, 0, 0, 0, 2, 3, 2, 2, 0, 1, 3, 2, 2, 0, 3, 2, 0, 2, 0, 1, 0, 1, 2, 1, 1, 0, 2, 1, 3, 1, 1, 3, 3, 3, 1, 2, 2, 1, 3, 1, 1, 3, 0, 2, 1, 2, 2, 0, 1, 0, 2, 0, 1, 3, 0, 0, 3, 3, 1, 0, 3, 1, 2, 2, 0, 0, 3, 3, 0, 2, 0, 3, 3, 1, 1, 2, 2, 0, 2, 0, 3, 2, 2, 0, 2, 3, 1, 0, 1, 2, 3, 0, 3, 3, 2, 0, 3, 2, 3, 1, 2, 2, 0, 0, 3, 2, 3, 1, 2, 2, 3, 0, 0, 3, 0, 1, 0, 1, 2, 1, 3, 1, 1, 2, 3, 2, 3, 2, 1, 3, 3, 2, 2, 1, 2, 2, 0, 3, 0, 1, 1, 1, 0, 1, 0, 1, 2, 3, 0, 0, 0, 1, 1, 1, 1, 3, 3, 2, 2, 1, 2, 2, 1, 1, 3, 3, 0, 1, 0, 2, 3, 3, 3, 3, 1, 3, 1, 0, 0, 3, 3, 0, 0, 2, 0, 1, 0, 0, 3, 0, 3, 0, 0, 2, 3, 0, 3, 1, 1, 1, 1, 1, 1, 0, 2, 1, 2, 1, 1, 3, 0, 0, 3, 1, 1, 2, 1, 3, 0, 1, 2]"
RANDOM_BALANCED,4,8,0.19632394010144652,0.8507993719794533,0.5040274101676363,0.19632394010144652,0.19677848555599198,"[110, 110, 110, 110]","[0, 1, 3, 1, 0, 1, 3, 3, 0, 3, 2, 0, 1, 1, 2, 3, 3, 0, 3, 3, 3, 3, 0, 2, 1, 0, 2, 0, 3, 2, 0, 3, 1, 0, 1, 1, 3, 0, 3, 2, 1, 0, 2, 3, 0, 1, 3, 3, 3, 2, 0, 3, 1, 0, 2, 0, 0, 2, 3, 0, 2, 3, 2, 3, 0, 1, 0, 0, 0, 1, 1, 1, 0, 1, 3, 3, 2, 2, 0, 1, 2, 3, 2, 1, 0, 3, 3, 2, 1, 0, 1, 3, 0, 1, 1, 0, 0, 1, 3, 3, 1, 2, 3, 1, 1, 3, 2, 0, 3, 0, 1, 0, 3, 1, 1, 3, 2, 2, 3, 2, 0, 2, 3, 3, 2, 1, 0, 0, 2, 2, 2, 0, 2, 3, 3, 1, 3, 1, 1, 2, 2, 0, 2, 3, 3, 2, 0, 3, 2, 2, 2, 0, 3, 1, 0, 3, 1, 2, 1, 1, 3, 3, 0, 1, 2, 1, 0, 3, 0, 3, 3, 2, 2, 3, 3, 1, 0, 1, 2, 1, 0, 0, 1, 3, 2, 0, 0, 1, 2, 1, 2, 3, 2, 0, 1, 1, 0, 1, 2, 3, 3, 1, 0, 1, 2, 2, 3, 1, 0, 2, 2, 0, 2, 0, 2, 3, 2, 3, 2, 0, 3, 0, 0, 3, 1, 1, 3, 1, 0, 3, 3, 0, 2, 1, 1, 0, 2, 1, 0, 0, 0, 0, 1, 1, 3, 1, 2, 0, 3, 3, 2, 1, 2, 0, 0, 3, 0, 2, 1, 1, 0, 2, 0, 0, 2, 3, 0, 3, 1, 3, 3, 3, 1, 2, 1, 2, 3, 0, 2, 1, 2, 0, 0, 1, 2, 2, 1, 1, 2, 2, 2, 2, 2, 3, 0, 2, 0, 2, 0, 2, 2, 0, 1, 1, 3, 1, 1, 1, 1, 3, 3, 0, 1, 0, 1, 3, 3, 0, 2, 0, 3, 2, 3, 2, 1, 1, 2, 3, 2, 3, 2, 0, 1, 2, 1, 0, 0, 2, 0, 3, 3, 2, 2, 0, 1, 3, 0, 3, 2, 3, 2, 3, 0, 1, 3, 1, 1, 1, 3, 1, 3, 3, 2, 3, 1, 3, 1, 0, 2, 1, 1, 2, 0, 0, 1, 0, 3, 2, 0, 1, 1, 3, 0, 2, 2, 1, 2, 2, 2, 2, 0, 3, 0, 3, 0, 0, 0, 2, 0, 1, 2, 3, 1, 1, 2, 1, 0, 3, 3, 1, 3, 0, 1, 2, 0, 2, 3, 2, 0, 3, 2, 3, 1, 1, 2, 0, 0, 1, 1, 1, 2, 0, 2, 0, 2, 1, 2, 3, 3, 1]"
RANDOM_BALANCED,4,9,0.1973925388672135,0.8519180265339938,0.5063143899946502,0.1973925388672135,0.19784708432175896,"[110, 110, 110, 110]","[2, 3, 0, 2, 0, 2, 2, 2, 2, 1, 2, 2, 3, 0, 3, 0, 2, 0, 0, 2, 1, 0, 3, 0, 3, 1, 2, 2, 2, 2, 1, 0, 0, 2, 0, 2, 0, 1, 1, 0, 3, 2, 0, 2, 1, 2, 3, 0, 3, 3, 0, 1, 3, 1, 1, 0, 3, 0, 3, 3, 0, 3, 1, 3, 3, 3, 3, 2, 1, 0, 1, 0, 0, 2, 0, 2, 1, 2, 1, 2, 0, 0, 2, 1, 2, 2, 2, 3, 0, 0, 0, 2, 1, 2, 1, 0, 1, 0, 1, 0, 1, 1, 3, 0, 1, 0, 0, 2, 3, 0, 1, 2, 3, 2, 3, 2, 1, 3, 2, 3, 3, 2, 0, 1, 0, 3, 3, 0, 3, 3, 2, 1, 0, 1, 1, 2, 2, 3, 0, 0, 1, 3, 2, 1, 3, 1, 0, 3, 2, 0, 1, 1, 1, 2, 2, 0, 1, 3, 2, 0, 0, 3, 0, 2, 2, 0, 0, 0, 2, 3, 3, 0, 0, 2, 1, 1, 3, 2, 1, 1, 0, 0, 3, 2, 3, 0, 3, 3, 0, 0, 2, 2, 1, 0, 1, 0, 2, 1, 2, 1, 1, 2, 2, 3, 3, 3, 2, 0, 3, 3, 3, 1, 2, 2, 3, 3, 1, 1, 1, 3, 1, 3, 2, 1, 3, 2, 2, 3, 1, 1, 3, 1, 0, 1, 3, 2, 0, 0, 3, 3, 3, 3, 1, 3, 0, 3, 0, 3, 3, 0, 3, 3, 1, 3, 0, 1, 1, 0, 2, 1, 3, 3, 0, 2, 2, 2, 3, 1, 1, 0, 1, 1, 2, 1, 3, 3, 1, 1, 3, 0, 0, 2, 1, 1, 2, 2, 1, 1, 1, 2, 3, 2, 1, 2, 1, 1, 3, 3, 1, 2, 0, 1, 2, 2, 2, 0, 3, 0, 2, 0, 2, 1, 3, 1, 2, 1, 2, 0, 3, 0, 0, 1, 2, 0, 2, 1, 1, 0, 3, 2, 3, 2, 3, 1, 0, 0, 0, 1, 2, 2, 1, 3, 0, 0, 2, 0, 0, 3, 3, 3, 2, 1, 1, 1, 3, 3, 1, 3, 0, 0, 3, 2, 1, 3, 0, 1, 3, 2, 0, 1, 1, 3, 1, 0, 0, 3, 1, 0, 3, 2, 3, 0, 3, 1, 3, 3, 0, 0, 2, 0, 0, 0, 1, 2, 0, 3, 1, 1, 3, 1, 0, 1, 1, 3, 2, 2, 3, 1, 1, 2, 0, 2, 0, 3, 1, 0, 2, 3, 2, 1, 1, 2, 3, 2, 3, 2, 2, 2, 0, 3, 2, 3, 0, 2, 1, 2, 1, 0, 0, 2]"
RANDOM_BALANCED,5,5,0.19664651521227577,0.851205771777666,0.5047574442895976,0.19664651521227577,0.1972146970304576,"[88, 88, 88, 88, 88]","[1, 2, 2, 2, 2, 4, 1, 4, 4, 0, 1, 2, 1, 3, 4, 1, 4, 2, 0, 3, 2, 0, 3, 2, 1, 1, 1, 4, 2, 3, 4, 4, 4, 1, 0, 3, 3, 2, 4, 1, 2, 4, 1, 0, 4, 1, 1, 0, 1, 0, 0, 1, 0, 0, 3, 1, 1, 3, 1, 1, 1, 1, 0, 3, 3, 4, 0, 2, 2, 2, 3, 0, 3, 4, 2, 0, 1, 3, 4, 2, 4, 1, 3, 1, 1, 2, 4, 3, 1, 1, 0, 4, 1, 2, 4, 2, 2, 2, 0, 0, 3, 0, 2, 4, 3, 4, 2, 1, 1, 4, 4, 2, 4, 4, 3, 1, 2, 1, 4, 2, 3, 3, 0, 0, 2, 4, 3, 0, 2, 1, 3, 2, 0, 2, 2, 4, 3, 4, 0, 1, 1, 0, 2, 3, 4, 2, 4, 4, 3, 0, 0, 1, 0, 0, 2, 0, 2, 0, 4, 2, 3, 0, 2, 2, 4, 3, 2, 3, 0, 3, 0, 3, 4, 4, 2, 4, 1, 3, 3, 4, 3, 2, 1, 4, 0, 0, 0, 4, 3, 4, 4, 1, 3, 3, 3, 1, 3, 2, 1, 2, 3, 1, 3, 4, 4, 4, 4, 3, 4, 2, 4, 2, 0, 0, 3, 3, 3, 4, 1, 0, 3, 0, 1, 1, 0, 3, 2, 1, 4, 2, 0, 4, 4, 3, 0, 4, 1, 2, 0, 3, 0, 1, 1, 3, 1, 4, 1, 0, 2, 1, 0, 0, 2, 0, 4, 3, 4, 3, 4, 0, 3, 0, 2, 0, 3, 4, 3, 4, 3, 2, 3, 3, 1, 1, 4, 2, 3, 1, 0, 0, 2, 1, 0, 2, 2, 0, 0, 4, 0, 4, 2, 0, 1, 1, 4, 2, 3, 1, 2, 0, 2, 1, 2, 4, 0, 0, 2, 0, 3, 1, 0, 2, 1, 3, 4, 2, 3, 1, 2, 1, 2, 3, 0, 4, 4, 3, 3, 0, 3, 0, 1, 3, 4, 1, 0, 1, 0, 1, 4, 1, 3, 4, 0, 2, 3, 1, 0, 1, 1, 1, 1, 1, 0, 2, 3, 4, 4, 3, 0, 3, 1, 4, 4, 3, 4, 2, 1, 3, 0, 4, 4, 3, 2, 2, 1, 2, 3, 4, 2, 2, 3, 2, 1, 0, 0, 4, 0, 2, 4, 3, 1, 0, 3, 0, 4, 0, 2, 1, 0, 4, 4, 3, 3, 1, 4, 1, 3, 4, 0, 1, 2, 4, 1, 3, 2, 3, 2, 0, 2, 1, 3, 4, 1, 2, 3, 0, 2, 1, 4, 2, 2, 2, 0, 3, 3, 2, 0, 0, 2, 0]"
RANDOM_BALANCED,5,3,0.1968384830111807,0.8516090541174918,0.5052291918884624,0.1968384830111807,0.19740666482936253,"[88, 88, 88, 88, 88]","[4, 4, 4, 2, 1, 1, 2, 4, 3, 3, 1, 2, 2, 3, 0, 0, 0, 3, 2, 3, 4, 2, 3, 1, 0, 1, 4, 0, 4, 2, 1, 0, 3, 4, 2, 3, 4, 0, 1, 3, 0, 2, 1, 2, 3, 2, 1, 1, 4, 4, 1, 1, 3, 1, 4, 1, 0, 2, 1, 0, 3, 0, 3, 3, 2, 1, 0, 0, 1, 4, 1, 3, 2, 0, 1, 1, 3, 1, 2, 1, 0, 0, 1, 0, 1, 2, 3, 0, 0, 2, 3, 4, 3, 4, 2, 3, 3, 4, 1, 4, 3, 0, 1, 0, 3, 0, 4, 0, 2, 2, 4, 0, 1, 4, 0, 1, 0, 4, 2, 4, 3, 1, 2, 0, 0, 1, 1, 0, 0, 4, 0, 4, 2, 3, 1, 3, 1, 0, 4, 1, 2, 4, 0, 2, 0, 3, 0, 4, 4, 2, 4, 2, 4, 1, 0, 0, 4, 0, 3, 0, 4, 1, 2, 2, 0, 4, 0, 3, 2, 4, 2, 4, 4, 3, 4, 1, 4, 2, 3, 0, 2, 3, 4, 4, 4, 0, 1, 2, 1, 0, 1, 1, 4, 0, 1, 0, 1, 2, 2, 2, 3, 0, 4, 2, 0, 2, 4, 3, 3, 2, 0, 0, 3, 2, 1, 3, 3, 2, 2, 4, 2, 2, 3, 4, 1, 0, 3, 1, 0, 2, 1, 2, 4, 0, 3, 4, 1, 0, 0, 2, 1, 2, 4, 1, 0, 1, 3, 1, 2, 4, 1, 1, 3, 4, 1, 1, 4, 3, 4, 2, 1, 1, 2, 2, 3, 1, 2, 3, 0, 0, 0, 2, 0, 3, 4, 3, 3, 4, 1, 2, 0, 1, 0, 3, 3, 3, 2, 2, 1, 4, 2, 1, 3, 4, 1, 3, 3, 2, 0, 0, 3, 3, 2, 3, 0, 1, 2, 2, 4, 3, 0, 3, 3, 2, 3, 4, 4, 2, 4, 3, 1, 0, 4, 1, 3, 1, 2, 2, 3, 2, 2, 4, 2, 3, 0, 4, 4, 4, 3, 3, 0, 4, 0, 3, 1, 2, 4, 1, 0, 2, 4, 0, 4, 2, 3, 3, 3, 1, 0, 2, 4, 3, 4, 4, 0, 0, 3, 0, 1, 3, 0, 3, 4, 3, 2, 4, 0, 1, 1, 4, 1, 3, 3, 4, 2, 2, 2, 4, 3, 4, 2, 2, 0, 4, 0, 1, 0, 2, 4, 0, 0, 4, 2, 3, 4, 4, 2, 3, 3, 3, 2, 2, 1, 2, 4, 1, 0, 1, 1, 1, 1, 3, 4, 4, 1, 3, 1, 2, 1, 0, 1, 1, 0, 2, 3, 0, 1, 0, 4, 3]"
RANDOM_BALANCED,5,7,0.19678688695033392,0.8512204000444124,0.5048525862621539,0.19678688695033392,0.19735506876851575,"[88, 88, 88, 88, 88]","[4, 3, 0, 0, 4, 3, 4, 2, 2, 2, 4, 2, 4, 1, 0, 1, 1, 3, 1, 4, 2, 4, 0, 4, 2, 4, 0, 3, 0, 3, 0, 0, 1, 4, 2, 3, 2, 1, 4, 3, 2, 0, 4, 3, 4, 3, 2, 4, 3, 3, 1, 0, 0, 1, 3, 2, 0, 1, 2, 1, 0, 2, 1, 3, 3, 0, 1, 4, 4, 2, 1, 4, 4, 1, 1, 4, 3, 3, 2, 1, 0, 1, 0, 4, 1, 3, 1, 3, 1, 0, 1, 2, 4, 2, 2, 3, 1, 2, 1, 1, 3, 0, 1, 4, 1, 3, 3, 4, 2, 0, 3, 0, 4, 2, 0, 0, 3, 3, 0, 4, 1, 3, 2, 4, 3, 2, 2, 2, 2, 0, 4, 3, 0, 1, 3, 3, 3, 4, 0, 0, 1, 1, 3, 2, 2, 0, 0, 0, 0, 4, 2, 4, 4, 3, 2, 0, 3, 1, 3, 1, 2, 3, 0, 0, 0, 1, 3, 4, 1, 3, 1, 2, 1, 1, 1, 4, 2, 0, 2, 0, 3, 2, 3, 4, 2, 4, 3, 0, 1, 4, 3, 4, 4, 0, 1, 4, 4, 3, 3, 3, 0, 4, 0, 4, 1, 2, 1, 0, 3, 3, 2, 4, 0, 1, 3, 3, 1, 1, 4, 4, 1, 0, 0, 2, 4, 3, 3, 1, 2, 4, 3, 2, 0, 4, 3, 0, 2, 0, 1, 0, 2, 2, 1, 2, 0, 2, 2, 4, 1, 1, 4, 4, 4, 2, 2, 3, 1, 4, 1, 1, 4, 0, 3, 2, 2, 3, 0, 1, 1, 3, 1, 1, 4, 1, 0, 4, 3, 2, 0, 4, 1, 3, 3, 1, 0, 3, 4, 0, 3, 0, 4, 4, 2, 1, 3, 2, 0, 3, 0, 3, 2, 3, 0, 2, 3, 1, 0, 2, 2, 3, 0, 4, 4, 2, 0, 3, 2, 4, 2, 2, 3, 0, 0, 3, 2, 4, 1, 2, 2, 4, 0, 0, 4, 0, 2, 0, 1, 3, 2, 4, 2, 1, 3, 4, 3, 4, 2, 1, 4, 4, 3, 2, 1, 3, 2, 0, 4, 1, 2, 1, 2, 0, 1, 1, 1, 3, 4, 1, 0, 1, 2, 1, 2, 1, 4, 4, 3, 3, 2, 3, 2, 1, 1, 4, 4, 0, 1, 0, 3, 4, 4, 4, 4, 1, 3, 1, 0, 0, 4, 3, 0, 1, 2, 0, 2, 0, 0, 4, 0, 4, 0, 0, 3, 4, 0, 3, 1, 2, 1, 2, 2, 2, 0, 2, 1, 3, 2, 2, 4, 0, 0, 4, 2, 1, 3, 2, 4, 0, 1, 3]"
RANDOM_BALANCED,5,8,0.1967345034195618,0.8508078468568397,0.5049111570372726,0.1967345034195618,0.19730268523774364,"[88, 88, 88, 88, 88]","[0, 2, 4, 1, 0, 1, 3, 4, 0, 4, 3, 0, 2, 1, 3, 3, 4, 1, 4, 4, 4, 4, 1, 2, 1, 0, 2, 0, 4, 3, 0, 4, 1, 1, 2, 2, 4, 0, 4, 3, 1, 0, 2, 3, 0, 2, 4, 4, 4, 3, 0, 4, 2, 0, 3, 0, 0, 3, 3, 0, 3, 4, 2, 4, 0, 1, 0, 1, 0, 1, 1, 2, 0, 1, 3, 3, 3, 2, 0, 1, 2, 4, 2, 1, 1, 4, 4, 2, 2, 0, 2, 4, 1, 2, 2, 0, 0, 1, 4, 3, 2, 3, 4, 1, 1, 4, 2, 0, 4, 0, 2, 0, 4, 2, 1, 4, 2, 3, 4, 2, 1, 3, 4, 4, 3, 1, 0, 1, 3, 2, 3, 0, 2, 4, 4, 1, 4, 2, 2, 2, 3, 1, 2, 4, 3, 3, 0, 3, 3, 2, 3, 0, 3, 1, 0, 4, 2, 3, 1, 2, 4, 3, 0, 2, 3, 1, 0, 3, 0, 3, 4, 2, 3, 4, 3, 1, 1, 1, 3, 1, 0, 1, 1, 4, 3, 0, 0, 2, 3, 2, 3, 4, 3, 0, 2, 1, 0, 1, 3, 4, 4, 2, 1, 2, 3, 3, 4, 1, 1, 3, 2, 1, 2, 0, 3, 4, 3, 4, 2, 0, 3, 0, 1, 4, 1, 2, 3, 1, 1, 4, 4, 0, 3, 2, 2, 0, 3, 1, 0, 0, 0, 0, 2, 2, 4, 1, 3, 0, 4, 4, 2, 1, 3, 0, 0, 3, 0, 2, 1, 2, 0, 2, 0, 0, 3, 4, 0, 3, 1, 4, 4, 4, 1, 2, 1, 3, 4, 0, 2, 2, 3, 0, 0, 2, 2, 3, 1, 2, 3, 3, 2, 3, 3, 4, 1, 2, 0, 3, 0, 2, 2, 0, 1, 1, 4, 1, 2, 2, 2, 4, 4, 1, 2, 0, 2, 4, 4, 0, 3, 0, 4, 3, 4, 2, 2, 1, 3, 4, 3, 4, 2, 0, 1, 2, 1, 0, 0, 2, 0, 4, 4, 3, 3, 1, 2, 3, 0, 4, 2, 4, 3, 4, 0, 1, 4, 1, 1, 1, 4, 2, 4, 4, 3, 4, 1, 4, 1, 0, 3, 1, 2, 3, 0, 0, 1, 0, 4, 2, 0, 1, 1, 4, 0, 2, 3, 1, 3, 3, 3, 3, 0, 3, 0, 4, 0, 1, 0, 3, 0, 1, 3, 4, 1, 1, 2, 1, 0, 3, 4, 1, 4, 0, 2, 2, 1, 3, 4, 2, 0, 4, 2, 4, 1, 1, 2, 0, 0, 1, 1, 1, 3, 1, 3, 0, 2, 2, 2, 3, 4, 1]"
RANDOM_BALANCED,5,9,0.19655706997622144,0.8505593666524598,0.504114617452477,0.19655706997622144,0.19712525179440327,"[88, 88, 88, 88, 88]","[3, 4, 0, 2, 0, 2, 2, 2, 2, 1, 3, 3, 4, 0, 4, 0, 2, 0, 0, 3, 1, 1, 4, 0, 4, 1, 2, 2, 3, 3, 1, 0, 0, 3, 0, 3, 1, 1, 1, 0, 4, 2, 0, 3, 1, 2, 4, 0, 3, 4, 1, 1, 4, 1, 1, 0, 4, 0, 4, 4, 0, 4, 1, 4, 3, 4, 3, 3, 1, 1, 1, 1, 0, 2, 1, 2, 1, 2, 2, 2, 0, 1, 3, 2, 3, 3, 3, 3, 0, 0, 0, 2, 2, 2, 2, 0, 1, 0, 1, 0, 2, 1, 3, 1, 2, 0, 0, 3, 4, 0, 1, 3, 4, 3, 4, 2, 1, 4, 2, 4, 4, 3, 1, 1, 0, 4, 4, 1, 4, 4, 3, 2, 0, 2, 2, 3, 3, 4, 0, 0, 2, 4, 3, 1, 4, 2, 0, 4, 2, 0, 1, 2, 2, 3, 3, 0, 2, 3, 3, 0, 1, 3, 0, 2, 2, 0, 0, 0, 3, 4, 4, 0, 0, 3, 1, 1, 4, 2, 2, 2, 0, 1, 4, 2, 4, 1, 4, 4, 0, 0, 3, 3, 1, 0, 1, 0, 2, 2, 3, 2, 1, 3, 3, 4, 3, 4, 2, 0, 4, 4, 3, 1, 2, 3, 4, 3, 1, 2, 2, 4, 1, 4, 2, 1, 4, 3, 3, 4, 1, 1, 4, 1, 1, 2, 4, 2, 0, 0, 4, 4, 4, 4, 1, 3, 0, 4, 0, 4, 4, 0, 4, 4, 1, 3, 0, 1, 1, 1, 2, 2, 4, 4, 0, 3, 2, 2, 3, 1, 1, 0, 2, 2, 2, 2, 4, 4, 1, 2, 4, 0, 0, 3, 1, 2, 3, 3, 1, 2, 1, 2, 4, 3, 2, 2, 1, 2, 4, 3, 1, 3, 0, 1, 3, 2, 2, 0, 4, 0, 3, 0, 3, 1, 4, 2, 3, 2, 3, 1, 4, 0, 0, 1, 3, 0, 3, 1, 1, 0, 4, 2, 4, 3, 3, 1, 0, 1, 1, 1, 3, 3, 1, 3, 0, 0, 3, 0, 0, 4, 4, 3, 3, 1, 1, 1, 4, 4, 1, 3, 0, 0, 4, 2, 1, 4, 1, 1, 4, 3, 0, 1, 2, 4, 2, 0, 1, 3, 2, 1, 4, 3, 4, 0, 4, 2, 4, 4, 0, 0, 3, 1, 0, 0, 2, 3, 0, 4, 2, 2, 4, 1, 0, 2, 2, 4, 2, 2, 4, 1, 2, 3, 0, 3, 0, 3, 2, 0, 3, 4, 3, 1, 1, 2, 4, 3, 3, 3, 3, 2, 0, 4, 2, 3, 0, 3, 1, 2, 2, 0, 0, 3]"
RANDOM_BALANCED,6,5,0.1966149054241903,0.8514690272284277,0.5048490984873338,0.1966149054241903,0.19729672360600847,"[74, 74, 73, 73, 73, 73]","[1, 2, 2, 2, 2, 5, 1, 5, 5, 0, 1, 2, 1, 4, 5, 2, 5, 2, 1, 3, 3, 0, 4, 2, 1, 2, 1, 5, 2, 4, 5, 4, 4, 1, 0, 4, 4, 2, 4, 2, 3, 5, 1, 0, 5, 2, 2, 0, 1, 0, 0, 2, 0, 0, 3, 1, 1, 4, 2, 2, 1, 2, 1, 4, 4, 5, 0, 2, 2, 3, 4, 0, 4, 5, 3, 0, 1, 3, 5, 3, 5, 1, 4, 2, 2, 3, 5, 3, 1, 1, 0, 5, 2, 2, 5, 2, 2, 3, 1, 1, 3, 0, 2, 5, 3, 5, 2, 1, 1, 5, 5, 2, 5, 5, 3, 1, 3, 1, 5, 2, 4, 4, 0, 1, 2, 5, 4, 1, 3, 1, 3, 2, 0, 3, 2, 5, 4, 5, 1, 1, 1, 0, 3, 3, 5, 3, 5, 5, 4, 0, 0, 1, 0, 1, 3, 1, 3, 0, 5, 2, 4, 0, 3, 2, 5, 4, 2, 3, 0, 4, 0, 3, 4, 4, 3, 4, 1, 4, 3, 5, 4, 3, 1, 5, 0, 0, 1, 4, 4, 5, 5, 1, 3, 3, 4, 1, 3, 3, 2, 2, 4, 1, 4, 5, 5, 5, 5, 4, 5, 2, 5, 2, 0, 0, 4, 3, 4, 5, 1, 0, 4, 0, 2, 1, 0, 4, 2, 1, 5, 3, 0, 5, 4, 4, 0, 4, 1, 2, 0, 4, 0, 1, 1, 4, 1, 5, 2, 0, 2, 1, 0, 0, 3, 0, 5, 3, 5, 3, 5, 0, 4, 0, 3, 0, 4, 5, 4, 5, 4, 2, 4, 4, 1, 1, 5, 3, 4, 2, 0, 0, 3, 1, 0, 3, 2, 0, 0, 5, 0, 5, 2, 0, 2, 1, 5, 2, 4, 1, 3, 0, 3, 1, 3, 4, 0, 1, 3, 1, 4, 2, 0, 3, 1, 3, 5, 3, 3, 2, 3, 2, 2, 4, 0, 5, 5, 4, 4, 0, 4, 1, 1, 4, 4, 1, 0, 1, 0, 2, 4, 1, 4, 5, 0, 3, 4, 1, 0, 1, 1, 1, 2, 1, 0, 3, 4, 5, 5, 3, 0, 4, 2, 5, 5, 3, 5, 3, 1, 3, 0, 5, 4, 4, 2, 3, 2, 2, 3, 5, 2, 2, 3, 3, 1, 0, 0, 5, 0, 2, 5, 4, 2, 0, 3, 1, 5, 0, 3, 2, 0, 5, 5, 3, 4, 1, 4, 1, 4, 4, 0, 2, 2, 5, 1, 4, 3, 3, 3, 0, 2, 1, 4, 5, 2, 3, 3, 0, 2, 1, 5, 2, 2, 3, 0, 4, 3, 3, 0, 0, 3, 0]"
RANDOM_BALANCED,6,3,0.19695855088983522,0.851587321360906,0.505468056418679,0.19695855088983522,0.1976403690716534,"[74, 74, 73, 73, 73, 73]","[5, 5, 4, 2, 2, 1, 2, 5, 4, 4, 1, 3, 3, 3, 0, 0, 0, 3, 2, 4, 5, 3, 4, 1, 0, 2, 5, 0, 5, 3, 1, 1, 4, 5, 3, 4, 4, 1, 1, 3, 0, 2, 2, 2, 4, 2, 1, 1, 4, 5, 1, 1, 4, 1, 5, 1, 0, 3, 2, 0, 4, 0, 4, 3, 2, 2, 0, 0, 2, 5, 1, 3, 3, 0, 1, 1, 4, 2, 2, 1, 0, 0, 1, 1, 1, 3, 3, 0, 1, 3, 3, 4, 4, 5, 3, 3, 3, 5, 1, 5, 4, 0, 1, 0, 4, 0, 5, 0, 3, 2, 5, 1, 1, 5, 0, 2, 0, 5, 2, 5, 4, 2, 2, 0, 0, 2, 1, 0, 0, 5, 0, 5, 3, 4, 1, 4, 1, 0, 5, 1, 2, 4, 0, 2, 0, 3, 0, 5, 5, 3, 5, 2, 5, 1, 0, 0, 4, 0, 3, 1, 5, 1, 3, 2, 1, 5, 0, 4, 2, 5, 3, 5, 4, 4, 5, 1, 5, 3, 4, 0, 2, 3, 4, 5, 5, 1, 1, 3, 2, 0, 1, 2, 5, 1, 1, 0, 2, 2, 3, 3, 3, 0, 5, 3, 0, 2, 5, 3, 4, 2, 0, 0, 4, 3, 1, 4, 4, 3, 2, 5, 3, 3, 3, 5, 1, 0, 4, 2, 0, 2, 1, 2, 4, 0, 3, 5, 2, 0, 0, 2, 1, 3, 4, 2, 0, 1, 3, 1, 3, 5, 1, 2, 4, 5, 1, 1, 5, 4, 5, 2, 1, 2, 3, 3, 4, 1, 2, 4, 0, 0, 0, 3, 0, 3, 5, 4, 4, 5, 1, 2, 0, 2, 0, 4, 3, 4, 3, 3, 1, 4, 2, 1, 3, 5, 1, 4, 3, 2, 0, 0, 4, 3, 2, 3, 1, 1, 3, 2, 4, 4, 0, 4, 4, 2, 3, 4, 5, 2, 5, 3, 2, 0, 5, 2, 4, 2, 3, 3, 4, 3, 3, 5, 2, 4, 1, 5, 5, 5, 4, 3, 0, 5, 0, 4, 1, 2, 5, 1, 0, 2, 5, 0, 5, 2, 4, 4, 3, 1, 1, 2, 5, 4, 5, 5, 0, 0, 4, 0, 1, 3, 0, 4, 5, 4, 2, 5, 0, 1, 1, 5, 1, 4, 4, 5, 3, 2, 3, 5, 4, 5, 2, 3, 1, 5, 0, 2, 0, 3, 5, 0, 0, 4, 2, 3, 5, 5, 3, 3, 4, 4, 3, 3, 1, 2, 4, 1, 0, 2, 1, 2, 2, 4, 5, 5, 2, 4, 2, 2, 1, 0, 1, 1, 1, 2, 4, 0, 1, 0, 5, 4]"
RANDOM_BALANCED,6,7,0.19683433045266252,0.8516257192149307,0.5052666479890997,0.19683433045266252,0.1975161486344807,"[74, 74, 73, 73, 73, 73]","[5, 3, 0, 0, 5, 4, 5, 3, 3, 3, 5, 3, 4, 1, 0, 1, 2, 4, 2, 5, 2, 4, 1, 5, 2, 5, 0, 3, 1, 4, 0, 0, 1, 5, 2, 4, 3, 2, 5, 4, 3, 1, 5, 4, 5, 3, 3, 4, 3, 4, 1, 0, 0, 1, 4, 2, 0, 1, 3, 1, 0, 3, 1, 3, 3, 0, 1, 5, 5, 3, 2, 5, 5, 2, 1, 5, 4, 3, 2, 1, 0, 1, 0, 4, 1, 4, 2, 4, 2, 0, 1, 2, 5, 3, 2, 3, 1, 2, 1, 1, 4, 0, 2, 5, 2, 4, 4, 4, 2, 0, 4, 1, 5, 2, 1, 0, 3, 3, 0, 4, 1, 3, 2, 5, 4, 2, 2, 3, 3, 0, 4, 4, 1, 2, 4, 4, 4, 5, 1, 0, 2, 1, 4, 3, 3, 0, 0, 0, 0, 5, 2, 5, 5, 3, 2, 0, 3, 2, 4, 1, 3, 3, 0, 1, 0, 1, 4, 5, 2, 4, 1, 3, 1, 1, 1, 5, 3, 0, 3, 0, 4, 2, 4, 5, 3, 5, 3, 0, 1, 5, 4, 5, 5, 0, 2, 5, 5, 4, 4, 3, 0, 5, 0, 4, 2, 2, 1, 0, 3, 4, 3, 5, 0, 1, 4, 4, 2, 1, 5, 5, 1, 0, 0, 3, 5, 4, 4, 1, 2, 4, 3, 3, 0, 5, 4, 1, 3, 0, 1, 1, 2, 3, 2, 2, 0, 2, 2, 5, 2, 1, 5, 5, 5, 2, 3, 3, 1, 5, 2, 1, 5, 0, 4, 2, 3, 3, 0, 1, 1, 3, 1, 1, 4, 1, 0, 5, 4, 2, 0, 5, 1, 3, 4, 1, 0, 4, 5, 0, 3, 0, 5, 5, 2, 2, 3, 3, 0, 3, 0, 4, 3, 3, 0, 3, 4, 2, 0, 2, 3, 4, 0, 5, 5, 3, 0, 4, 3, 5, 2, 3, 3, 0, 0, 4, 3, 5, 1, 3, 3, 4, 1, 0, 4, 0, 2, 1, 2, 3, 2, 5, 2, 2, 4, 5, 3, 5, 3, 1, 5, 5, 4, 3, 2, 4, 3, 0, 5, 1, 2, 2, 2, 0, 1, 1, 2, 4, 5, 1, 0, 1, 2, 2, 2, 1, 5, 4, 4, 4, 2, 4, 3, 1, 1, 5, 4, 0, 1, 0, 4, 5, 4, 5, 5, 1, 4, 1, 0, 0, 5, 4, 0, 1, 3, 1, 2, 0, 0, 5, 0, 5, 0, 0, 4, 5, 0, 4, 1, 2, 1, 2, 2, 2, 0, 3, 1, 3, 2, 2, 5, 0, 1, 5, 2, 2, 4, 2, 5, 0, 1, 4]"
RANDOM_BALANCED,6,8,0.19707722625497615,0.8513880989768289,0.5057975414124403,0.19707722625497615,0.19775904443679432,"[74, 74, 73, 73, 73, 73]","[0, 2, 5, 2, 0, 1, 4, 5, 0, 5, 4, 1, 2, 2, 4, 4, 4, 1, 5, 4, 5, 5, 1, 3, 1, 1, 3, 0, 5, 4, 1, 5, 2, 1, 2, 2, 5, 0, 5, 3, 2, 0, 3, 4, 0, 2, 5, 5, 5, 4, 1, 5, 2, 0, 4, 0, 0, 3, 4, 0, 4, 5, 3, 5, 0, 1, 0, 1, 0, 2, 2, 2, 0, 2, 4, 4, 3, 3, 0, 1, 3, 5, 3, 2, 1, 5, 5, 3, 2, 0, 2, 5, 1, 2, 2, 0, 0, 1, 4, 4, 2, 3, 5, 1, 1, 4, 3, 0, 5, 0, 2, 1, 4, 2, 1, 5, 3, 3, 4, 3, 1, 3, 5, 5, 4, 1, 0, 1, 3, 3, 4, 0, 3, 5, 5, 2, 5, 2, 2, 3, 4, 1, 3, 5, 4, 3, 0, 4, 3, 2, 4, 0, 4, 1, 0, 5, 2, 4, 1, 2, 5, 4, 0, 2, 3, 1, 0, 4, 0, 4, 5, 3, 3, 5, 4, 1, 1, 1, 3, 2, 0, 1, 1, 4, 4, 0, 0, 2, 4, 2, 4, 5, 4, 0, 2, 1, 0, 1, 3, 5, 5, 2, 1, 2, 4, 4, 4, 2, 1, 3, 3, 1, 3, 0, 4, 4, 3, 5, 3, 0, 4, 0, 1, 5, 1, 2, 4, 2, 1, 5, 5, 0, 3, 2, 2, 0, 4, 2, 1, 0, 1, 0, 2, 2, 4, 1, 4, 0, 4, 4, 3, 1, 4, 0, 0, 4, 0, 3, 2, 2, 1, 3, 1, 0, 4, 5, 0, 4, 2, 5, 5, 5, 1, 3, 2, 3, 4, 0, 3, 2, 4, 0, 0, 2, 3, 4, 1, 2, 4, 3, 3, 4, 3, 5, 1, 3, 0, 4, 0, 3, 3, 0, 1, 1, 4, 2, 2, 2, 2, 5, 5, 1, 2, 0, 2, 5, 5, 0, 3, 1, 5, 3, 5, 3, 2, 2, 4, 5, 4, 5, 3, 0, 1, 3, 2, 0, 0, 3, 0, 5, 5, 3, 3, 1, 2, 4, 1, 5, 3, 5, 4, 5, 0, 2, 5, 1, 2, 1, 5, 2, 5, 5, 4, 5, 2, 5, 1, 0, 4, 2, 2, 3, 1, 0, 1, 0, 5, 3, 0, 1, 1, 5, 1, 3, 3, 1, 4, 4, 3, 3, 0, 4, 1, 5, 0, 1, 0, 3, 0, 1, 4, 5, 2, 2, 3, 1, 0, 4, 5, 1, 4, 0, 2, 3, 1, 3, 5, 3, 0, 5, 3, 5, 1, 2, 3, 0, 0, 2, 2, 1, 3, 1, 4, 0, 3, 2, 3, 4, 5, 1]"
RANDOM_BALANCED,6,9,0.1975327026211854,0.853103903206912,0.5071952470324256,0.1975327026211854,0.19821452080300359,"[74, 74, 73, 73, 73, 73]","[4, 5, 0, 3, 0, 2, 3, 3, 3, 1, 3, 3, 5, 1, 4, 0, 3, 0, 0, 4, 1, 1, 5, 0, 5, 1, 3, 3, 3, 3, 2, 0, 0, 4, 1, 3, 1, 2, 2, 1, 5, 3, 1, 4, 1, 3, 5, 0, 4, 5, 1, 2, 5, 1, 1, 0, 5, 0, 5, 5, 0, 5, 1, 5, 4, 5, 4, 3, 1, 1, 2, 1, 1, 3, 1, 3, 1, 3, 2, 3, 0, 1, 3, 2, 4, 3, 3, 4, 0, 0, 0, 3, 2, 3, 2, 0, 1, 0, 1, 0, 2, 1, 4, 1, 2, 0, 0, 3, 5, 0, 1, 4, 4, 4, 5, 3, 2, 5, 3, 5, 5, 4, 1, 2, 0, 5, 5, 1, 5, 5, 3, 2, 1, 2, 2, 4, 4, 5, 1, 0, 2, 5, 3, 2, 5, 2, 0, 4, 3, 0, 1, 2, 2, 3, 3, 0, 2, 4, 3, 0, 1, 4, 0, 3, 3, 0, 0, 1, 3, 4, 4, 0, 0, 4, 1, 1, 4, 3, 2, 2, 0, 1, 5, 3, 5, 1, 5, 5, 0, 0, 4, 3, 2, 1, 2, 1, 3, 2, 3, 2, 1, 3, 4, 4, 4, 5, 3, 0, 5, 4, 4, 1, 3, 3, 5, 4, 1, 2, 2, 5, 1, 5, 3, 2, 4, 4, 4, 5, 1, 2, 5, 2, 1, 2, 5, 3, 0, 0, 5, 5, 5, 5, 1, 4, 0, 5, 0, 5, 5, 0, 5, 5, 2, 4, 0, 2, 2, 1, 3, 2, 5, 5, 0, 4, 3, 3, 4, 1, 2, 0, 2, 2, 3, 2, 5, 5, 1, 2, 5, 1, 0, 3, 1, 2, 3, 4, 1, 2, 2, 3, 5, 4, 2, 3, 2, 2, 5, 4, 1, 3, 0, 2, 4, 3, 3, 0, 4, 0, 4, 1, 3, 1, 5, 2, 4, 2, 3, 1, 5, 0, 0, 2, 4, 0, 3, 2, 2, 0, 5, 3, 5, 4, 4, 2, 0, 1, 1, 1, 4, 4, 1, 4, 0, 0, 4, 0, 0, 5, 5, 4, 4, 2, 2, 2, 5, 5, 1, 4, 1, 0, 5, 3, 1, 4, 1, 1, 4, 4, 1, 1, 2, 5, 2, 0, 1, 4, 2, 1, 4, 4, 5, 0, 5, 2, 5, 4, 0, 0, 4, 1, 0, 0, 2, 4, 0, 5, 2, 2, 5, 1, 0, 2, 2, 4, 3, 3, 5, 1, 2, 4, 0, 4, 0, 4, 2, 0, 3, 5, 4, 1, 2, 3, 5, 3, 4, 3, 4, 3, 0, 5, 3, 4, 0, 3, 1, 3, 2, 0, 0, 4]"
RANDOM_BALANCED,7,5,0.19653297031693387,0.8513221325747895,0.5044742561650999,0.19653297031693387,0.1973284248623884,"[63, 63, 63, 63, 63, 63, 62]","[1, 3, 3, 3, 2, 6, 2, 6, 6, 0, 2, 2, 1, 5, 5, 2, 5, 2, 1, 4, 4, 0, 5, 3, 2, 2, 1, 6, 3, 5, 6, 5, 5, 1, 0, 5, 5, 3, 5, 2, 3, 6, 1, 0, 6, 2, 2, 0, 1, 1, 0, 2, 0, 0, 4, 1, 1, 4, 2, 2, 1, 2, 1, 4, 5, 6, 0, 2, 2, 4, 4, 0, 5, 6, 3, 1, 2, 4, 5, 3, 6, 2, 5, 2, 2, 3, 6, 4, 1, 2, 0, 5, 2, 3, 5, 3, 2, 4, 1, 1, 4, 0, 2, 6, 4, 6, 2, 1, 1, 6, 6, 3, 6, 6, 4, 1, 3, 1, 6, 3, 5, 4, 0, 1, 3, 6, 5, 1, 4, 1, 4, 3, 0, 3, 3, 6, 4, 6, 1, 1, 2, 1, 3, 4, 6, 3, 6, 6, 4, 0, 0, 1, 0, 1, 3, 1, 3, 0, 6, 3, 5, 1, 3, 3, 6, 5, 3, 4, 0, 5, 1, 4, 5, 5, 3, 5, 1, 5, 4, 6, 5, 3, 1, 5, 0, 0, 1, 5, 5, 6, 6, 2, 4, 4, 4, 2, 4, 3, 2, 3, 4, 2, 4, 6, 6, 6, 6, 5, 6, 2, 6, 3, 0, 0, 5, 4, 5, 5, 2, 0, 5, 0, 2, 2, 0, 5, 3, 2, 6, 3, 0, 6, 5, 5, 0, 5, 1, 3, 0, 5, 0, 1, 1, 5, 2, 6, 2, 0, 3, 2, 1, 1, 4, 0, 6, 4, 6, 4, 6, 0, 5, 0, 3, 0, 5, 5, 4, 6, 4, 2, 4, 4, 2, 2, 6, 3, 5, 2, 0, 0, 4, 2, 0, 3, 3, 0, 0, 6, 0, 5, 3, 0, 2, 2, 6, 2, 4, 1, 3, 0, 3, 2, 3, 5, 0, 1, 3, 1, 5, 2, 0, 3, 1, 4, 6, 3, 4, 2, 4, 2, 3, 4, 0, 6, 6, 5, 5, 1, 4, 1, 1, 4, 5, 1, 0, 1, 0, 2, 5, 1, 5, 5, 0, 4, 4, 1, 1, 1, 1, 1, 2, 1, 0, 4, 5, 6, 6, 4, 0, 4, 2, 6, 6, 4, 6, 3, 2, 4, 0, 6, 5, 5, 3, 3, 2, 3, 4, 6, 3, 3, 4, 3, 1, 1, 0, 6, 0, 2, 6, 4, 2, 0, 4, 1, 5, 0, 3, 2, 0, 6, 6, 4, 5, 1, 5, 1, 5, 5, 0, 2, 3, 6, 2, 5, 3, 4, 4, 0, 3, 1, 5, 6, 2, 4, 4, 0, 3, 1, 6, 2, 3, 3, 0, 4, 4, 4, 0, 0, 3, 1]"
RANDOM_BALANCED,7,3,0.19714948787833705,0.8517285144690311,0.5059295633525559,0.19714948787833705,0.1979449424237916,"[63, 63, 63, 63, 63, 63, 62]","[6, 6, 5, 3, 2, 2, 2, 6, 4, 5, 1, 3, 4, 4, 0, 0, 0, 4, 3, 4, 6, 3, 5, 2, 1, 2, 6, 0, 6, 3, 2, 1, 5, 6, 4, 5, 5, 1, 2, 4, 0, 3, 2, 3, 5, 3, 2, 2, 5, 6, 2, 1, 5, 1, 6, 1, 1, 3, 2, 1, 4, 0, 5, 4, 3, 2, 0, 0, 2, 6, 2, 4, 4, 0, 2, 2, 5, 2, 3, 2, 0, 0, 1, 1, 1, 3, 4, 0, 1, 3, 4, 5, 4, 6, 3, 4, 4, 6, 1, 5, 4, 0, 1, 0, 5, 1, 6, 0, 3, 2, 6, 1, 1, 6, 0, 2, 0, 6, 2, 6, 5, 2, 3, 0, 1, 2, 1, 0, 0, 6, 0, 6, 3, 4, 1, 5, 1, 0, 6, 1, 3, 5, 0, 3, 0, 4, 0, 6, 6, 3, 6, 3, 6, 2, 0, 0, 5, 1, 4, 1, 5, 2, 3, 3, 1, 6, 0, 5, 3, 6, 3, 6, 5, 5, 6, 1, 6, 3, 5, 0, 3, 4, 5, 5, 6, 1, 1, 3, 2, 0, 1, 2, 6, 1, 1, 0, 2, 2, 4, 3, 4, 0, 6, 3, 0, 3, 6, 4, 5, 2, 0, 0, 5, 4, 2, 5, 5, 4, 2, 5, 4, 3, 4, 5, 1, 0, 5, 2, 0, 2, 1, 2, 5, 0, 4, 5, 2, 0, 0, 3, 1, 3, 5, 2, 0, 1, 4, 1, 3, 6, 1, 2, 4, 6, 1, 1, 6, 5, 6, 2, 1, 2, 4, 3, 4, 2, 2, 5, 0, 0, 0, 3, 0, 4, 6, 5, 4, 6, 1, 3, 0, 2, 0, 4, 4, 5, 3, 3, 1, 5, 3, 2, 4, 6, 1, 5, 4, 3, 0, 1, 5, 4, 3, 4, 1, 1, 3, 3, 5, 4, 0, 5, 5, 2, 4, 5, 6, 3, 6, 4, 2, 0, 6, 2, 5, 2, 3, 4, 4, 3, 3, 5, 3, 4, 1, 6, 5, 6, 4, 4, 0, 6, 0, 4, 1, 3, 6, 1, 0, 3, 6, 0, 5, 3, 4, 5, 4, 2, 1, 3, 6, 5, 6, 6, 1, 0, 4, 1, 1, 4, 1, 5, 6, 4, 2, 6, 0, 2, 1, 6, 1, 5, 5, 6, 3, 3, 4, 6, 5, 5, 2, 3, 1, 5, 0, 2, 0, 4, 6, 1, 0, 5, 3, 4, 6, 6, 3, 4, 4, 4, 3, 4, 2, 3, 5, 1, 0, 2, 2, 2, 2, 4, 6, 6, 2, 5, 2, 3, 1, 0, 1, 2, 1, 3, 5, 0, 2, 0, 6, 5]"
RANDOM_BALANCED,7,7,0.19652145589617165,0.8511379646758238,0.5044137140115103,0.19652145589617165,0.1973169104416262,"[63, 63, 63, 63, 63, 63, 62]","[6, 4, 0, 1, 5, 4, 6, 4, 4, 3, 6, 3, 5, 1, 1, 2, 2, 4, 2, 5, 2, 5, 1, 6, 3, 6, 1, 4, 1, 5, 0, 0, 1, 5, 2, 5, 3, 2, 6, 5, 3, 1, 6, 5, 6, 4, 3, 5, 4, 4, 1, 0, 0, 2, 5, 2, 0, 1, 3, 1, 0, 3, 1, 4, 4, 0, 2, 6, 6, 3, 2, 6, 6, 2, 1, 6, 4, 4, 3, 2, 0, 2, 0, 5, 1, 4, 2, 4, 2, 0, 1, 3, 6, 3, 3, 4, 1, 3, 1, 2, 5, 0, 2, 6, 2, 4, 4, 5, 3, 0, 5, 1, 6, 3, 1, 0, 4, 4, 0, 5, 1, 4, 3, 5, 5, 3, 3, 3, 4, 0, 5, 5, 1, 2, 4, 5, 5, 6, 1, 0, 2, 1, 5, 4, 3, 0, 0, 0, 1, 5, 2, 6, 6, 4, 3, 1, 4, 2, 4, 1, 3, 4, 1, 1, 0, 1, 5, 6, 2, 5, 1, 3, 1, 1, 2, 6, 4, 0, 3, 0, 5, 2, 4, 6, 3, 6, 4, 0, 2, 6, 5, 6, 6, 0, 2, 6, 6, 5, 5, 4, 0, 6, 0, 5, 2, 3, 2, 0, 4, 5, 4, 6, 0, 1, 5, 5, 2, 2, 6, 5, 1, 0, 0, 3, 6, 4, 5, 1, 3, 5, 4, 4, 0, 6, 4, 1, 4, 0, 2, 1, 3, 4, 2, 3, 0, 3, 2, 6, 2, 2, 6, 6, 6, 3, 4, 4, 2, 6, 2, 2, 6, 0, 4, 2, 3, 4, 0, 1, 1, 4, 1, 1, 5, 1, 0, 6, 5, 3, 0, 6, 2, 4, 5, 1, 0, 5, 5, 0, 4, 0, 6, 6, 3, 2, 4, 4, 0, 4, 1, 5, 3, 4, 0, 3, 5, 2, 0, 3, 3, 5, 0, 6, 6, 3, 1, 5, 3, 6, 3, 3, 4, 0, 0, 5, 4, 6, 2, 3, 3, 5, 1, 0, 5, 0, 3, 1, 2, 4, 2, 6, 2, 2, 4, 6, 4, 6, 3, 1, 6, 6, 4, 3, 2, 4, 3, 0, 5, 1, 3, 2, 3, 0, 2, 1, 2, 4, 6, 1, 0, 1, 3, 2, 2, 2, 6, 5, 5, 5, 3, 4, 3, 1, 1, 6, 5, 0, 2, 1, 5, 6, 5, 6, 6, 2, 5, 1, 0, 0, 6, 5, 0, 1, 3, 1, 2, 1, 1, 6, 0, 6, 0, 0, 5, 5, 0, 5, 2, 3, 1, 3, 2, 3, 0, 3, 2, 4, 3, 2, 6, 0, 1, 5, 3, 2, 4, 3, 5, 0, 1, 4]"
RANDOM_BALANCED,7,8,0.19687544731705478,0.8523661956642613,0.5050481094103871,0.19687544731705478,0.19767090186250932,"[63, 63, 63, 63, 63, 63, 62]","[0, 3, 6, 2, 0, 1, 5, 5, 0, 6, 4, 1, 3, 2, 4, 5, 5, 1, 6, 5, 6, 6, 1, 3, 2, 1, 3, 0, 6, 4, 1, 6, 2, 1, 3, 3, 6, 0, 5, 4, 2, 0, 3, 5, 0, 3, 5, 6, 6, 5, 1, 6, 3, 1, 4, 0, 0, 4, 5, 0, 4, 6, 3, 6, 0, 2, 0, 1, 1, 2, 2, 3, 0, 2, 5, 5, 4, 3, 0, 2, 3, 6, 4, 2, 1, 6, 6, 3, 3, 0, 2, 6, 1, 3, 3, 0, 0, 1, 5, 5, 3, 4, 6, 1, 2, 5, 3, 0, 6, 0, 2, 1, 5, 3, 2, 6, 4, 4, 5, 3, 1, 4, 5, 6, 4, 1, 0, 1, 4, 3, 4, 0, 3, 6, 5, 2, 6, 2, 2, 3, 4, 1, 4, 6, 5, 4, 0, 5, 4, 3, 5, 0, 5, 2, 0, 6, 3, 5, 2, 3, 5, 5, 0, 3, 4, 1, 0, 5, 0, 5, 6, 3, 4, 6, 5, 2, 1, 2, 4, 2, 1, 1, 2, 5, 5, 1, 0, 3, 5, 3, 5, 6, 5, 0, 2, 2, 0, 1, 4, 6, 6, 3, 1, 3, 5, 4, 5, 2, 1, 4, 3, 1, 3, 0, 4, 5, 4, 6, 3, 0, 5, 1, 1, 6, 2, 3, 5, 2, 1, 6, 5, 0, 4, 2, 3, 1, 5, 2, 1, 1, 1, 0, 2, 2, 5, 1, 4, 0, 5, 5, 3, 1, 4, 0, 0, 5, 0, 4, 2, 2, 1, 4, 1, 0, 5, 6, 0, 5, 2, 6, 6, 6, 1, 3, 2, 4, 5, 0, 4, 3, 5, 0, 0, 3, 3, 5, 2, 2, 4, 4, 4, 4, 4, 6, 1, 3, 0, 5, 0, 3, 3, 1, 2, 2, 5, 2, 2, 3, 3, 6, 5, 1, 2, 0, 3, 6, 6, 0, 4, 1, 6, 4, 6, 3, 3, 2, 4, 6, 4, 5, 4, 0, 1, 3, 2, 0, 0, 4, 0, 6, 6, 4, 4, 1, 2, 5, 1, 6, 3, 6, 4, 5, 0, 2, 6, 1, 2, 2, 6, 3, 6, 6, 4, 6, 2, 6, 2, 0, 5, 2, 3, 4, 1, 0, 1, 0, 6, 4, 0, 2, 2, 6, 1, 3, 4, 1, 4, 4, 4, 4, 1, 5, 1, 6, 0, 1, 0, 4, 0, 2, 4, 6, 2, 2, 3, 1, 1, 5, 5, 2, 5, 0, 3, 4, 1, 4, 6, 4, 0, 6, 3, 6, 2, 2, 3, 0, 0, 2, 2, 1, 4, 1, 5, 1, 3, 3, 3, 5, 6, 1]"
RANDOM_BALANCED,7,9,0.1975481766417171,0.852204998514869,0.5068003388968381,0.1975481766417171,0.19834363118717163,"[63, 63, 63, 63, 63, 63, 62]","[5, 6, 0, 3, 0, 3, 3, 4, 3, 2, 4, 4, 6, 1, 5, 0, 3, 0, 0, 4, 2, 1, 6, 1, 6, 1, 3, 3, 4, 4, 2, 1, 0, 5, 1, 4, 1, 2, 2, 1, 6, 3, 1, 4, 1, 3, 5, 0, 5, 6, 1, 2, 6, 1, 2, 0, 6, 0, 6, 6, 0, 5, 2, 6, 5, 6, 5, 4, 1, 1, 2, 1, 1, 3, 1, 3, 1, 3, 2, 4, 0, 1, 4, 2, 4, 4, 4, 5, 0, 0, 0, 3, 3, 4, 3, 0, 2, 0, 1, 0, 3, 2, 5, 1, 3, 0, 0, 4, 5, 0, 1, 5, 5, 4, 5, 3, 2, 6, 3, 6, 6, 4, 1, 2, 0, 6, 6, 1, 6, 6, 4, 3, 1, 3, 3, 5, 4, 6, 1, 0, 3, 6, 4, 2, 6, 2, 0, 5, 3, 1, 1, 3, 2, 4, 4, 0, 2, 5, 4, 0, 1, 5, 1, 4, 4, 0, 0, 1, 4, 5, 5, 0, 0, 5, 1, 2, 5, 4, 3, 2, 0, 1, 6, 4, 6, 1, 6, 6, 0, 0, 5, 4, 2, 1, 2, 1, 3, 3, 4, 3, 2, 4, 4, 5, 5, 6, 3, 0, 6, 5, 5, 2, 3, 4, 6, 5, 2, 3, 2, 5, 1, 6, 3, 2, 5, 5, 4, 6, 2, 2, 5, 2, 1, 3, 6, 3, 0, 1, 6, 6, 5, 6, 2, 5, 0, 6, 0, 5, 6, 0, 6, 6, 2, 5, 0, 2, 2, 1, 3, 2, 6, 6, 0, 4, 3, 4, 5, 1, 2, 0, 2, 3, 4, 2, 6, 6, 2, 3, 6, 1, 0, 4, 2, 3, 4, 5, 2, 3, 2, 3, 6, 5, 2, 3, 2, 2, 6, 5, 1, 4, 0, 2, 4, 4, 3, 0, 5, 0, 4, 1, 4, 2, 6, 3, 4, 3, 4, 1, 6, 1, 0, 2, 4, 1, 4, 2, 2, 0, 6, 3, 6, 4, 5, 2, 0, 1, 1, 2, 5, 4, 2, 5, 1, 0, 4, 0, 0, 6, 6, 5, 4, 2, 2, 2, 5, 6, 1, 5, 1, 0, 6, 3, 2, 5, 1, 2, 5, 4, 1, 1, 3, 5, 3, 0, 1, 5, 3, 1, 5, 5, 6, 0, 6, 3, 6, 5, 0, 0, 5, 1, 0, 0, 2, 5, 0, 6, 3, 3, 5, 1, 0, 3, 3, 5, 3, 3, 6, 2, 3, 5, 0, 4, 0, 5, 3, 1, 4, 6, 4, 1, 2, 3, 6, 4, 5, 4, 4, 4, 0, 6, 4, 5, 1, 4, 2, 3, 3, 0, 1, 5]"
RANDOM_BALANCED,8,5,0.1966730865395882,0.8514931056084055,0.5048103680664843,0.1966730865395882,0.19758217744867912,"[55, 55, 55, 55, 55, 55, 55, 55]","[1, 3, 3, 3, 3, 7, 2, 7, 7, 0, 2, 3, 2, 5, 6, 2, 6, 3, 1, 5, 4, 0, 5, 3, 2, 3, 2, 7, 3, 6, 7, 6, 6, 1, 0, 6, 5, 3, 6, 3, 4, 7, 2, 0, 7, 2, 2, 0, 2, 1, 0, 3, 0, 1, 5, 1, 2, 5, 2, 2, 1, 3, 1, 5, 6, 7, 0, 3, 3, 4, 5, 0, 5, 7, 4, 1, 2, 4, 6, 4, 7, 2, 5, 2, 3, 4, 7, 4, 2, 2, 1, 6, 2, 3, 6, 3, 3, 4, 1, 1, 5, 0, 3, 7, 4, 7, 3, 2, 1, 6, 7, 3, 7, 7, 4, 2, 4, 1, 7, 3, 6, 5, 0, 1, 3, 7, 6, 1, 4, 1, 5, 3, 0, 4, 3, 7, 5, 7, 1, 1, 2, 1, 4, 5, 7, 4, 7, 7, 5, 0, 0, 2, 0, 1, 4, 1, 4, 0, 7, 3, 5, 1, 4, 3, 7, 6, 3, 4, 0, 5, 1, 5, 6, 6, 4, 6, 2, 6, 5, 7, 6, 4, 1, 6, 0, 0, 1, 6, 6, 7, 6, 2, 5, 5, 5, 2, 4, 4, 3, 3, 5, 2, 5, 7, 7, 7, 7, 6, 7, 3, 7, 4, 0, 0, 6, 5, 6, 6, 2, 0, 5, 1, 3, 2, 0, 6, 3, 2, 7, 4, 0, 7, 6, 6, 0, 6, 2, 3, 0, 5, 0, 1, 1, 5, 2, 7, 3, 0, 3, 2, 1, 1, 4, 1, 7, 5, 7, 5, 7, 0, 5, 0, 4, 0, 6, 6, 5, 6, 5, 3, 5, 5, 2, 2, 7, 4, 6, 2, 0, 0, 4, 2, 0, 4, 3, 0, 0, 7, 0, 6, 3, 1, 2, 2, 7, 3, 5, 1, 4, 0, 4, 2, 4, 6, 0, 1, 4, 1, 5, 2, 0, 4, 1, 5, 7, 4, 4, 2, 4, 2, 3, 5, 0, 6, 7, 6, 6, 1, 5, 1, 2, 5, 6, 1, 0, 1, 0, 2, 6, 1, 5, 6, 0, 4, 5, 1, 1, 1, 2, 1, 2, 1, 0, 4, 6, 7, 6, 5, 0, 5, 2, 7, 7, 5, 6, 4, 2, 4, 1, 7, 6, 6, 3, 4, 3, 3, 4, 7, 3, 3, 5, 4, 2, 1, 0, 7, 1, 3, 7, 5, 2, 1, 4, 1, 6, 0, 4, 3, 0, 7, 7, 5, 5, 2, 6, 1, 6, 6, 0, 3, 3, 7, 2, 5, 4, 5, 4, 0, 3, 2, 6, 7, 2, 4, 5, 0, 3, 1, 6, 3, 3, 4, 0, 5, 4, 4, 0, 0, 4, 1]"
RANDOM_BALANCED,8,3,0.19731326607817953,0.8525794994650465,0.5065656767650084,0.19731326607817953,0.19822235698727045,"[55, 55, 55, 55, 55, 55, 55, 55]","[7, 6, 6, 3, 3, 2, 3, 7, 5, 6, 2, 4, 4, 4, 0, 0, 0, 4, 3, 5, 7, 4, 5, 2, 1, 2, 7, 0, 7, 4, 2, 1, 5, 7, 4, 5, 6, 1, 2, 5, 0, 4, 3, 3, 6, 3, 2, 2, 6, 7, 2, 2, 5, 2, 7, 1, 1, 4, 3, 1, 5, 0, 5, 4, 3, 2, 0, 1, 2, 7, 2, 5, 4, 0, 2, 2, 6, 2, 3, 2, 0, 0, 2, 1, 2, 4, 5, 0, 1, 4, 5, 6, 5, 7, 4, 4, 4, 7, 2, 6, 5, 0, 1, 0, 6, 1, 7, 0, 4, 3, 7, 1, 1, 6, 0, 2, 1, 6, 3, 7, 6, 3, 3, 0, 1, 3, 2, 0, 0, 7, 0, 7, 4, 5, 1, 5, 1, 0, 7, 2, 3, 6, 0, 3, 0, 5, 0, 7, 7, 4, 7, 3, 7, 2, 0, 0, 6, 1, 5, 1, 6, 2, 4, 3, 1, 7, 0, 5, 3, 7, 4, 7, 6, 5, 6, 1, 7, 4, 5, 0, 3, 5, 6, 6, 7, 1, 1, 4, 2, 0, 2, 2, 7, 1, 2, 0, 3, 3, 4, 4, 5, 0, 7, 4, 0, 3, 7, 5, 6, 3, 1, 0, 6, 4, 2, 5, 6, 4, 3, 6, 4, 4, 4, 6, 1, 0, 6, 2, 0, 3, 1, 3, 6, 0, 4, 6, 3, 0, 0, 3, 1, 4, 6, 2, 0, 1, 5, 2, 4, 7, 1, 2, 5, 6, 1, 1, 7, 5, 7, 3, 2, 3, 4, 4, 5, 2, 3, 6, 1, 0, 0, 4, 1, 4, 7, 6, 5, 7, 2, 3, 0, 3, 0, 5, 5, 6, 4, 4, 2, 6, 3, 2, 5, 7, 1, 6, 5, 3, 0, 1, 6, 4, 3, 5, 1, 1, 4, 3, 6, 5, 0, 6, 6, 3, 5, 6, 7, 3, 7, 5, 2, 0, 7, 3, 6, 2, 4, 4, 5, 4, 4, 6, 3, 5, 1, 7, 6, 7, 5, 5, 0, 6, 0, 5, 1, 3, 7, 1, 0, 3, 7, 0, 6, 3, 5, 6, 5, 2, 1, 3, 7, 5, 7, 7, 1, 0, 5, 1, 1, 4, 1, 5, 7, 5, 3, 7, 0, 2, 2, 7, 2, 6, 6, 7, 4, 3, 4, 7, 6, 6, 3, 4, 1, 6, 1, 3, 0, 4, 7, 1, 0, 6, 3, 4, 6, 7, 4, 5, 5, 5, 4, 4, 2, 3, 6, 1, 0, 2, 2, 2, 2, 5, 7, 7, 2, 5, 2, 3, 1, 1, 1, 2, 1, 3, 6, 0, 2, 1, 7, 5]"
RANDOM_BALANCED,8,7,0.1972670991481705,0.8527684088683489,0.5064151287078857,0.1972670991481705,0.19817619005726142,"[55, 55, 55, 55, 55, 55, 55, 55]","[7, 4, 0, 1, 6, 5, 7, 4, 4, 4, 7, 4, 6, 2, 1, 2, 2, 5, 3, 6, 3, 6, 1, 7, 3, 7, 1, 4, 1, 5, 0, 0, 1, 6, 3, 6, 4, 2, 7, 6, 4, 1, 7, 6, 7, 5, 4, 6, 4, 5, 1, 0, 0, 2, 6, 3, 0, 1, 4, 2, 0, 4, 1, 5, 4, 0, 2, 7, 7, 4, 3, 7, 7, 2, 2, 7, 5, 5, 3, 2, 0, 2, 1, 6, 1, 5, 2, 5, 2, 0, 2, 3, 7, 4, 3, 5, 2, 3, 2, 2, 5, 0, 2, 7, 2, 5, 5, 6, 3, 0, 6, 1, 7, 3, 1, 0, 5, 5, 0, 6, 1, 5, 3, 6, 6, 3, 3, 4, 4, 0, 6, 6, 1, 3, 5, 5, 6, 7, 1, 0, 2, 1, 6, 4, 4, 0, 0, 0, 1, 6, 3, 6, 7, 4, 3, 1, 4, 3, 5, 2, 4, 5, 1, 1, 1, 1, 6, 7, 2, 5, 2, 4, 1, 1, 2, 7, 4, 0, 4, 0, 5, 3, 5, 7, 4, 7, 5, 0, 2, 7, 5, 7, 7, 0, 3, 7, 7, 5, 6, 5, 1, 7, 0, 6, 2, 3, 2, 0, 4, 5, 4, 7, 0, 1, 5, 6, 2, 2, 7, 6, 1, 0, 0, 4, 6, 5, 5, 1, 3, 6, 5, 4, 1, 6, 5, 1, 4, 0, 2, 1, 3, 4, 3, 3, 0, 4, 3, 6, 2, 2, 7, 7, 7, 3, 4, 4, 2, 7, 3, 2, 7, 1, 5, 3, 4, 4, 0, 2, 1, 4, 1, 2, 6, 1, 0, 7, 6, 3, 0, 7, 2, 5, 5, 1, 0, 6, 6, 0, 5, 0, 7, 6, 3, 3, 5, 4, 1, 5, 1, 6, 4, 5, 0, 4, 6, 3, 1, 3, 4, 6, 0, 7, 7, 4, 1, 6, 4, 6, 3, 4, 4, 0, 0, 6, 4, 7, 2, 4, 4, 6, 1, 0, 6, 0, 3, 1, 2, 5, 3, 7, 3, 3, 5, 7, 5, 7, 4, 2, 7, 7, 5, 4, 2, 5, 4, 0, 6, 1, 3, 2, 3, 0, 2, 1, 2, 5, 7, 1, 0, 1, 3, 2, 3, 2, 7, 6, 5, 5, 3, 5, 4, 2, 2, 7, 6, 1, 2, 1, 5, 6, 6, 7, 7, 2, 6, 2, 0, 0, 7, 6, 0, 1, 4, 1, 3, 1, 1, 7, 0, 7, 0, 0, 5, 6, 0, 6, 2, 3, 2, 3, 3, 3, 0, 4, 2, 5, 3, 3, 7, 0, 1, 6, 3, 3, 5, 3, 6, 0, 2, 5]"
RANDOM_BALANCED,8,8,0.1966357498627269,0.8522982729203773,0.5047708416526968,0.1966357498627269,0.1975448407718178,"[55, 55, 55, 55, 55, 55, 55, 55]","[0, 3, 7, 2, 0, 2, 6, 6, 0, 7, 5, 1, 3, 3, 5, 6, 6, 1, 7, 6, 7, 7, 1, 4, 2, 1, 4, 0, 7, 5, 1, 7, 2, 1, 3, 3, 7, 0, 6, 5, 2, 0, 4, 6, 1, 3, 6, 7, 7, 5, 1, 7, 3, 1, 5, 0, 0, 4, 6, 1, 5, 7, 4, 7, 0, 2, 0, 1, 1, 2, 3, 3, 0, 2, 6, 6, 5, 4, 0, 2, 4, 7, 4, 2, 1, 7, 7, 4, 3, 0, 3, 6, 1, 3, 3, 0, 1, 2, 6, 6, 3, 5, 7, 2, 2, 6, 4, 1, 7, 0, 3, 1, 6, 3, 2, 7, 4, 5, 6, 4, 1, 5, 6, 6, 5, 2, 0, 1, 4, 4, 5, 0, 4, 7, 6, 2, 7, 3, 3, 4, 5, 1, 4, 7, 6, 4, 0, 6, 4, 4, 5, 0, 6, 2, 0, 7, 3, 5, 2, 3, 6, 6, 0, 3, 4, 2, 0, 6, 0, 6, 7, 4, 5, 7, 6, 2, 1, 2, 5, 2, 1, 1, 2, 6, 5, 1, 0, 3, 5, 3, 5, 7, 5, 0, 3, 2, 0, 2, 4, 7, 7, 3, 1, 3, 5, 5, 6, 2, 1, 5, 4, 1, 4, 0, 5, 6, 4, 6, 4, 0, 6, 1, 1, 7, 2, 3, 6, 2, 1, 7, 6, 0, 5, 3, 3, 1, 5, 3, 1, 1, 1, 1, 3, 3, 6, 2, 5, 0, 6, 6, 4, 2, 5, 0, 0, 6, 0, 4, 3, 3, 1, 4, 1, 0, 5, 7, 0, 6, 2, 7, 7, 7, 2, 4, 2, 5, 6, 0, 4, 3, 5, 0, 0, 3, 4, 5, 2, 3, 5, 5, 4, 5, 4, 6, 1, 4, 0, 5, 0, 4, 4, 1, 2, 2, 6, 3, 3, 3, 3, 7, 6, 1, 3, 0, 3, 7, 7, 0, 5, 1, 7, 5, 7, 4, 3, 3, 5, 7, 5, 6, 4, 0, 2, 4, 2, 1, 0, 4, 0, 7, 7, 5, 5, 1, 3, 6, 1, 7, 4, 7, 5, 6, 0, 3, 7, 2, 2, 2, 7, 3, 7, 7, 5, 7, 2, 7, 2, 0, 5, 3, 3, 5, 1, 1, 2, 0, 6, 4, 1, 2, 2, 7, 1, 4, 5, 2, 5, 5, 4, 5, 1, 6, 1, 7, 0, 1, 0, 4, 0, 2, 5, 6, 3, 3, 4, 2, 1, 6, 6, 2, 6, 0, 3, 4, 1, 5, 6, 4, 0, 7, 4, 7, 2, 2, 4, 0, 0, 2, 3, 2, 4, 1, 5, 1, 4, 3, 4, 6, 7, 2]"
RANDOM_BALANCED,8,9,0.1966848458191662,0.8516601733186028,0.5047168206084859,0.1966848458191662,0.19759393672825712,"[55, 55, 55, 55, 55, 55, 55, 55]","[5, 6, 0, 4, 0, 4, 4, 4, 4, 2, 5, 5, 7, 1, 6, 0, 4, 0, 0, 5, 2, 1, 7, 1, 6, 2, 4, 4, 5, 5, 2, 1, 0, 5, 1, 5, 1, 2, 2, 1, 6, 4, 1, 5, 2, 4, 6, 0, 6, 7, 1, 3, 7, 2, 2, 0, 7, 0, 7, 7, 0, 6, 2, 7, 6, 7, 6, 5, 2, 1, 2, 1, 1, 4, 1, 4, 2, 4, 3, 4, 1, 1, 4, 3, 5, 4, 5, 6, 0, 1, 0, 4, 3, 4, 3, 0, 2, 0, 2, 0, 3, 2, 6, 1, 3, 0, 0, 5, 6, 0, 2, 5, 6, 5, 6, 4, 2, 7, 4, 7, 7, 5, 1, 3, 0, 7, 7, 1, 7, 7, 4, 3, 1, 3, 3, 5, 5, 7, 1, 0, 3, 7, 5, 3, 7, 3, 0, 6, 4, 1, 2, 3, 3, 4, 4, 0, 3, 6, 4, 0, 1, 6, 1, 4, 4, 0, 0, 1, 4, 6, 6, 0, 0, 5, 2, 2, 6, 4, 3, 3, 0, 1, 7, 4, 7, 1, 7, 7, 1, 1, 5, 4, 3, 1, 2, 1, 4, 3, 5, 3, 2, 4, 5, 6, 6, 7, 4, 1, 7, 6, 6, 2, 4, 5, 7, 6, 2, 3, 3, 6, 2, 7, 4, 2, 6, 5, 5, 7, 2, 2, 6, 3, 1, 3, 7, 4, 0, 1, 7, 6, 6, 7, 2, 6, 0, 7, 0, 6, 7, 0, 7, 7, 3, 6, 0, 3, 3, 1, 4, 3, 7, 6, 0, 5, 4, 4, 6, 2, 2, 0, 3, 3, 4, 3, 7, 7, 2, 3, 7, 1, 1, 5, 2, 3, 4, 5, 2, 3, 2, 4, 6, 5, 3, 4, 2, 3, 7, 6, 2, 4, 0, 2, 5, 4, 4, 0, 6, 0, 5, 1, 5, 2, 7, 3, 5, 3, 5, 1, 7, 1, 0, 2, 5, 1, 5, 3, 3, 0, 6, 4, 7, 5, 6, 2, 0, 1, 1, 2, 5, 5, 2, 6, 1, 0, 5, 0, 0, 7, 7, 6, 5, 3, 2, 2, 6, 7, 2, 6, 1, 0, 7, 4, 2, 6, 1, 2, 6, 5, 1, 2, 3, 6, 3, 0, 1, 6, 3, 1, 6, 5, 7, 0, 7, 3, 7, 6, 0, 0, 5, 1, 1, 0, 3, 5, 1, 7, 3, 3, 6, 2, 0, 3, 3, 6, 4, 4, 7, 2, 3, 5, 0, 5, 0, 6, 3, 1, 5, 7, 5, 2, 2, 4, 7, 5, 6, 5, 5, 4, 0, 7, 4, 6, 1, 5, 2, 4, 3, 0, 1, 5]"
RANDOM_BALANCED,9,5,0.19695020434869961,0.8528515596507174,0.5057122823866931,0.19695020434869961,0.1979729316214269,"[49, 49, 49, 49, 49, 49, 49, 49, 48]","[1, 4, 4, 4, 3, 8, 2, 8, 8, 1, 2, 3, 2, 6, 7, 3, 7, 3, 1, 5, 5, 0, 6, 4, 2, 3, 2, 8, 4, 6, 8, 7, 7, 1, 0, 6, 6, 4, 7, 3, 5, 8, 2, 0, 8, 3, 3, 1, 2, 1, 0, 3, 0, 1, 5, 2, 2, 6, 3, 3, 1, 3, 1, 6, 7, 8, 0, 3, 3, 5, 6, 1, 6, 8, 5, 1, 2, 5, 7, 4, 8, 2, 6, 3, 3, 4, 8, 5, 2, 2, 1, 7, 3, 3, 7, 4, 3, 5, 1, 1, 5, 0, 3, 8, 5, 7, 3, 2, 1, 7, 8, 4, 8, 8, 5, 2, 4, 1, 8, 4, 6, 6, 0, 1, 4, 8, 7, 1, 5, 1, 5, 4, 0, 4, 3, 7, 6, 8, 1, 2, 2, 1, 4, 5, 8, 4, 8, 7, 6, 0, 0, 2, 0, 1, 4, 1, 4, 0, 8, 4, 6, 1, 5, 4, 8, 7, 4, 5, 0, 6, 1, 5, 7, 7, 4, 7, 2, 6, 5, 8, 6, 4, 2, 7, 0, 0, 1, 7, 6, 8, 7, 2, 5, 5, 6, 2, 5, 5, 3, 4, 6, 2, 6, 8, 8, 8, 8, 6, 8, 3, 8, 4, 0, 0, 7, 5, 6, 7, 2, 0, 6, 1, 3, 2, 1, 6, 4, 2, 8, 4, 0, 8, 7, 7, 0, 7, 2, 3, 0, 6, 0, 2, 2, 6, 2, 7, 3, 0, 4, 2, 1, 1, 5, 1, 8, 5, 8, 5, 8, 0, 6, 0, 4, 0, 7, 7, 6, 7, 6, 3, 6, 6, 2, 2, 7, 4, 6, 3, 0, 0, 5, 2, 1, 4, 3, 0, 0, 8, 0, 7, 4, 1, 3, 2, 7, 3, 6, 2, 4, 0, 4, 2, 4, 7, 0, 1, 4, 1, 6, 3, 0, 4, 1, 5, 8, 4, 5, 3, 5, 3, 4, 6, 0, 7, 8, 6, 6, 1, 6, 1, 2, 6, 7, 1, 0, 2, 1, 3, 7, 1, 6, 7, 0, 5, 6, 2, 1, 2, 2, 1, 3, 2, 0, 5, 7, 8, 7, 5, 0, 6, 3, 8, 8, 5, 7, 4, 2, 5, 1, 7, 7, 7, 4, 4, 3, 3, 5, 8, 4, 4, 5, 5, 2, 1, 0, 8, 1, 3, 8, 6, 3, 1, 5, 1, 7, 0, 5, 3, 0, 8, 8, 5, 6, 2, 7, 2, 6, 7, 0, 3, 3, 8, 3, 6, 4, 5, 5, 0, 4, 2, 7, 8, 3, 5, 5, 0, 3, 2, 7, 3, 4, 4, 0, 6, 5, 5, 0, 0, 5, 1]"
RANDOM_BALANCED,9,3,0.19747600857394212,0.8534689762827122,0.5070287210471702,0.19747600857394212,0.1984987358466694,"[49, 49, 49, 49, 49, 49, 49, 49, 48]","[7, 7, 7, 3, 3, 2, 3, 8, 6, 7, 2, 5, 5, 5, 0, 0, 0, 5, 4, 6, 8, 4, 6, 2, 1, 3, 8, 0, 8, 4, 3, 1, 6, 8, 5, 6, 7, 1, 2, 5, 0, 4, 3, 4, 6, 4, 2, 2, 7, 8, 2, 2, 6, 2, 8, 2, 1, 4, 3, 1, 6, 0, 6, 5, 4, 3, 1, 1, 3, 8, 2, 5, 5, 1, 2, 2, 6, 3, 3, 2, 0, 0, 2, 1, 2, 5, 5, 0, 1, 5, 5, 7, 6, 8, 4, 5, 5, 8, 2, 7, 6, 0, 1, 0, 7, 1, 8, 0, 4, 3, 8, 1, 1, 7, 0, 3, 1, 7, 3, 8, 6, 3, 3, 0, 1, 3, 2, 0, 0, 8, 0, 8, 5, 6, 2, 6, 2, 0, 8, 2, 4, 7, 0, 4, 1, 5, 0, 8, 8, 4, 8, 4, 8, 2, 0, 0, 7, 1, 5, 1, 7, 2, 4, 4, 1, 7, 0, 6, 4, 8, 4, 8, 7, 6, 7, 1, 8, 4, 6, 0, 4, 5, 7, 7, 7, 1, 2, 5, 3, 1, 2, 3, 7, 1, 2, 0, 3, 3, 5, 4, 5, 0, 8, 4, 0, 3, 8, 5, 6, 3, 1, 0, 6, 5, 2, 6, 6, 5, 3, 7, 5, 4, 5, 7, 2, 0, 6, 3, 0, 3, 2, 3, 7, 0, 5, 7, 3, 0, 0, 4, 2, 4, 7, 3, 0, 1, 5, 2, 5, 8, 1, 3, 6, 7, 2, 2, 8, 6, 8, 3, 2, 3, 5, 4, 6, 2, 3, 6, 1, 0, 0, 4, 1, 5, 7, 6, 6, 8, 2, 4, 1, 3, 0, 6, 5, 7, 4, 4, 2, 7, 4, 2, 5, 8, 1, 7, 5, 4, 0, 1, 6, 5, 4, 5, 1, 2, 4, 4, 7, 6, 0, 6, 7, 3, 5, 7, 8, 4, 8, 5, 3, 0, 8, 3, 6, 3, 4, 5, 6, 4, 4, 7, 4, 6, 1, 8, 7, 8, 6, 5, 0, 7, 1, 6, 1, 3, 8, 1, 0, 3, 8, 0, 7, 4, 6, 7, 5, 2, 1, 4, 8, 6, 8, 8, 1, 0, 6, 1, 1, 5, 1, 6, 7, 6, 3, 8, 0, 2, 2, 8, 2, 7, 6, 8, 5, 3, 5, 7, 7, 7, 3, 4, 1, 7, 1, 3, 0, 5, 8, 1, 0, 7, 4, 5, 7, 8, 4, 5, 6, 6, 4, 5, 2, 4, 7, 1, 0, 3, 2, 3, 3, 6, 8, 8, 3, 6, 3, 4, 2, 1, 2, 2, 1, 4, 7, 0, 2, 1, 8, 6]"
RANDOM_BALANCED,9,7,0.1971462968736887,0.8531618435274471,0.5061560464627815,0.1971462968736887,0.198169024146416,"[49, 49, 49, 49, 49, 49, 49, 49, 48]","[8, 5, 0, 1, 7, 6, 8, 5, 5, 5, 7, 4, 7, 2, 1, 2, 3, 6, 3, 7, 3, 7, 1, 8, 4, 8, 1, 5, 1, 6, 0, 0, 1, 7, 3, 7, 4, 3, 8, 6, 4, 1, 8, 6, 8, 5, 5, 7, 5, 6, 2, 0, 0, 2, 6, 3, 0, 1, 4, 2, 0, 4, 1, 5, 5, 0, 2, 8, 8, 4, 3, 7, 8, 3, 2, 8, 6, 5, 4, 2, 0, 2, 1, 7, 1, 6, 3, 6, 3, 0, 2, 4, 7, 4, 4, 5, 2, 3, 2, 2, 6, 0, 3, 8, 3, 6, 6, 7, 4, 0, 7, 1, 8, 3, 1, 0, 5, 5, 0, 7, 2, 5, 3, 7, 7, 4, 4, 4, 5, 0, 7, 6, 1, 3, 6, 6, 6, 8, 1, 0, 3, 1, 7, 5, 4, 0, 0, 0, 1, 7, 3, 7, 8, 5, 3, 1, 5, 3, 6, 2, 4, 5, 1, 1, 1, 1, 6, 8, 3, 6, 2, 4, 2, 2, 2, 8, 5, 0, 4, 0, 6, 3, 6, 8, 5, 8, 5, 1, 2, 8, 6, 8, 8, 0, 3, 8, 8, 6, 6, 5, 1, 8, 0, 7, 3, 4, 2, 0, 5, 6, 5, 8, 1, 2, 6, 6, 3, 2, 8, 7, 2, 0, 0, 4, 7, 6, 6, 1, 4, 7, 5, 5, 1, 7, 6, 1, 5, 0, 2, 1, 3, 5, 3, 4, 0, 4, 3, 7, 3, 3, 8, 8, 7, 4, 5, 5, 2, 8, 3, 2, 8, 1, 6, 3, 4, 5, 0, 2, 2, 5, 1, 2, 7, 2, 0, 8, 7, 4, 1, 7, 2, 5, 6, 2, 1, 6, 7, 0, 5, 0, 8, 7, 3, 3, 5, 5, 1, 5, 1, 6, 4, 5, 0, 4, 7, 3, 1, 4, 4, 7, 0, 8, 8, 4, 1, 7, 5, 7, 4, 5, 5, 0, 0, 7, 5, 8, 2, 4, 5, 7, 1, 0, 7, 1, 4, 1, 3, 5, 3, 8, 3, 3, 6, 8, 5, 8, 4, 2, 8, 7, 6, 4, 3, 6, 4, 0, 7, 2, 4, 3, 4, 1, 2, 2, 3, 6, 8, 1, 0, 2, 4, 3, 3, 2, 7, 7, 6, 6, 4, 6, 4, 2, 2, 8, 7, 1, 2, 1, 6, 7, 7, 8, 8, 2, 6, 2, 0, 0, 8, 6, 0, 1, 4, 1, 3, 1, 1, 8, 0, 8, 0, 0, 6, 7, 0, 6, 2, 4, 2, 4, 3, 4, 0, 5, 2, 5, 4, 3, 8, 0, 1, 7, 3, 3, 6, 4, 7, 0, 2, 6]"
RANDOM_BALANCED,9,8,0.19719219368064042,0.8531848188151013,0.5062148407101631,0.19719219368064042,0.1982149209533677,"[49, 49, 49, 49, 49, 49, 49, 49, 48]","[0, 4, 7, 3, 0, 2, 7, 7, 1, 8, 6, 1, 4, 3, 6, 6, 7, 2, 8, 7, 8, 8, 1, 4, 2, 1, 4, 0, 7, 6, 1, 8, 3, 1, 4, 4, 7, 1, 7, 5, 3, 0, 5, 6, 1, 4, 7, 7, 8, 6, 1, 8, 3, 1, 6, 0, 0, 5, 6, 1, 6, 8, 4, 8, 0, 2, 0, 2, 1, 3, 3, 4, 0, 3, 6, 7, 5, 4, 0, 2, 5, 8, 5, 3, 2, 8, 8, 5, 3, 1, 3, 7, 2, 4, 4, 0, 1, 2, 7, 6, 3, 5, 8, 2, 2, 7, 5, 1, 8, 0, 3, 1, 7, 4, 2, 8, 5, 5, 7, 5, 1, 5, 7, 7, 6, 2, 0, 1, 5, 4, 6, 0, 4, 8, 7, 3, 8, 3, 3, 4, 6, 1, 5, 8, 6, 5, 0, 7, 5, 4, 6, 0, 7, 2, 0, 8, 4, 6, 2, 4, 7, 6, 0, 3, 5, 2, 0, 6, 0, 6, 8, 4, 5, 8, 6, 2, 2, 2, 5, 3, 1, 2, 2, 7, 6, 1, 0, 4, 6, 4, 6, 8, 6, 1, 3, 2, 0, 2, 5, 7, 8, 4, 1, 4, 6, 6, 7, 3, 2, 5, 4, 2, 5, 0, 6, 7, 5, 7, 4, 0, 6, 1, 2, 7, 2, 4, 7, 3, 2, 8, 7, 0, 5, 3, 4, 1, 6, 3, 1, 1, 1, 1, 3, 3, 7, 2, 6, 0, 7, 7, 5, 2, 6, 0, 1, 7, 0, 5, 3, 3, 1, 5, 1, 0, 6, 8, 0, 7, 3, 8, 8, 8, 2, 4, 3, 5, 7, 1, 5, 4, 6, 0, 0, 4, 4, 6, 2, 3, 6, 5, 5, 6, 5, 7, 2, 4, 0, 6, 0, 4, 4, 1, 2, 3, 7, 3, 3, 4, 4, 8, 7, 1, 3, 0, 4, 8, 8, 0, 5, 1, 7, 5, 8, 4, 3, 3, 6, 8, 6, 7, 5, 0, 2, 4, 3, 1, 0, 5, 0, 8, 8, 5, 5, 1, 3, 6, 1, 8, 4, 8, 6, 7, 0, 3, 8, 2, 3, 2, 8, 3, 8, 8, 6, 8, 3, 8, 2, 0, 6, 3, 3, 5, 1, 1, 2, 0, 7, 5, 1, 2, 2, 8, 1, 4, 5, 2, 6, 6, 5, 5, 1, 6, 1, 8, 0, 1, 0, 5, 0, 2, 6, 7, 3, 3, 4, 2, 1, 7, 7, 2, 7, 0, 4, 5, 1, 5, 7, 5, 0, 8, 4, 8, 2, 3, 4, 0, 0, 3, 3, 2, 5, 2, 6, 1, 4, 4, 4, 7, 8, 2]"
RANDOM_BALANCED,9,9,0.1970886288944519,0.8526118695735931,0.5059938832665934,0.1970886288944519,0.19811135616717918,"[49, 49, 49, 49, 49, 49, 49, 49, 48]","[6, 7, 0, 4, 0, 4, 4, 5, 4, 2, 5, 5, 8, 1, 7, 0, 5, 0, 0, 6, 2, 1, 8, 1, 7, 2, 4, 4, 5, 5, 3, 1, 0, 6, 1, 5, 1, 3, 3, 1, 7, 5, 1, 6, 2, 4, 7, 0, 6, 8, 2, 3, 7, 2, 2, 0, 8, 0, 8, 8, 0, 7, 2, 8, 7, 8, 6, 5, 2, 1, 3, 1, 1, 4, 2, 4, 2, 4, 3, 5, 1, 2, 5, 3, 6, 5, 5, 7, 0, 1, 0, 4, 3, 5, 4, 0, 2, 0, 2, 0, 4, 2, 6, 2, 4, 0, 0, 5, 7, 0, 2, 6, 7, 6, 7, 4, 3, 8, 4, 8, 8, 6, 1, 3, 1, 8, 8, 1, 7, 8, 5, 4, 1, 4, 4, 6, 6, 8, 1, 0, 3, 8, 5, 3, 7, 3, 0, 7, 5, 1, 2, 4, 3, 5, 5, 0, 3, 7, 5, 0, 1, 7, 1, 5, 5, 1, 0, 1, 5, 7, 7, 1, 0, 6, 2, 2, 7, 5, 3, 3, 0, 2, 8, 5, 8, 2, 7, 8, 1, 1, 6, 5, 3, 1, 3, 1, 4, 4, 5, 4, 2, 5, 6, 7, 6, 8, 4, 1, 8, 7, 7, 2, 4, 5, 8, 6, 2, 4, 3, 7, 2, 8, 4, 3, 7, 6, 6, 8, 2, 3, 7, 3, 2, 4, 8, 4, 0, 1, 8, 7, 7, 8, 2, 6, 0, 7, 1, 7, 8, 0, 8, 8, 3, 6, 0, 3, 3, 1, 4, 3, 8, 7, 0, 6, 4, 5, 6, 2, 3, 0, 3, 4, 5, 3, 8, 8, 2, 3, 8, 1, 1, 5, 2, 4, 5, 6, 2, 4, 3, 4, 7, 6, 3, 5, 3, 3, 8, 6, 2, 5, 0, 3, 6, 5, 4, 0, 7, 0, 6, 1, 5, 2, 8, 3, 6, 4, 5, 1, 8, 1, 0, 3, 6, 1, 5, 3, 3, 0, 7, 4, 7, 6, 6, 3, 0, 1, 2, 2, 6, 6, 2, 7, 1, 0, 6, 0, 0, 8, 8, 7, 6, 3, 3, 3, 7, 7, 2, 7, 1, 1, 8, 5, 3, 7, 2, 2, 7, 6, 1, 2, 4, 7, 4, 0, 2, 6, 4, 2, 7, 6, 8, 0, 8, 4, 8, 7, 0, 0, 6, 2, 1, 0, 3, 6, 1, 8, 4, 4, 7, 2, 0, 3, 4, 7, 4, 4, 8, 2, 3, 6, 0, 6, 0, 6, 4, 1, 5, 8, 6, 2, 3, 5, 8, 5, 7, 5, 6, 5, 1, 8, 5, 6, 1, 5, 2, 5, 4, 0, 1, 6]"
